{
  "analyzer_name": "engine",
  "program_id": "PROCESSAMENTO-LOTE",
  "success": true,
  "execution_time": 0.014374017715454102,
  "data": {
    "program_info": {
      "program_id": "PROCESSAMENTO-LOTE",
      "file_path": "/tmp/cobol_engine_extracted/portfolio_teste_processamento_lote.cbl",
      "author": "DESENVOLVEDOR-SENIOR.",
      "date_written": "15/11/2024.",
      "lines_of_code": 311,
      "variables_count": 11,
      "sections_count": 3,
      "paragraphs_count": 3,
      "files_count": 4,
      "copy_books_count": 0,
      "total_complexity": 0
    },
    "analyzer_results": {
      "security_analyzer": {
        "security_score": 72,
        "issues": [
          {
            "type": "FILE_SECURITY",
            "severity": "HIGH",
            "description": "File ARQUIVO-TRANSACOES lacks FILE STATUS handling",
            "recommendation": "Add FILE STATUS clause for error handling"
          },
          {
            "type": "FILE_SECURITY",
            "severity": "HIGH",
            "description": "File ARQUIVO-CONTAS lacks FILE STATUS handling",
            "recommendation": "Add FILE STATUS clause for error handling"
          },
          {
            "type": "FILE_SECURITY",
            "severity": "HIGH",
            "description": "File ARQUIVO-LOG lacks FILE STATUS handling",
            "recommendation": "Add FILE STATUS clause for error handling"
          },
          {
            "type": "FILE_SECURITY",
            "severity": "HIGH",
            "description": "File ARQUIVO-ERROS lacks FILE STATUS handling",
            "recommendation": "Add FILE STATUS clause for error handling"
          }
        ],
        "compliance_status": "NEEDS_REVIEW",
        "total_issues": 4,
        "critical_issues": 0,
        "high_issues": 4,
        "medium_issues": 0,
        "low_issues": 0,
        "recommendations": [
          "Add FILE STATUS handling for all file operations"
        ]
      },
      "performance_analyzer": {
        "performance_score": 86,
        "complexity": "LOW",
        "issues": [
          {
            "type": "HIGH_COMPLEXITY",
            "severity": "HIGH",
            "location": "DATE-WRITTEN",
            "description": "Paragraph DATE-WRITTEN has high complexity (55)",
            "recommendation": "Consider breaking down into smaller paragraphs"
          },
          {
            "type": "EXCESSIVE_MOVES",
            "severity": "LOW",
            "description": "High number of MOVE statements (59)",
            "recommendation": "Review data flow to minimize unnecessary data movement"
          },
          {
            "type": "INEFFICIENT_ARITHMETIC",
            "severity": "LOW",
            "description": "Consider using COMPUTE for complex arithmetic operations",
            "recommendation": "Replace multiple ADD/SUBTRACT/MULTIPLY/DIVIDE with COMPUTE"
          }
        ],
        "metrics": {
          "total_complexity": 0,
          "max_paragraph_complexity": 55,
          "complex_paragraphs": 1
        },
        "total_issues": 3,
        "critical_issues": 0,
        "high_issues": 1,
        "medium_issues": 0,
        "low_issues": 2,
        "optimizations": [
          "Break down complex paragraphs into smaller, focused units",
          "Optimize data flow to reduce unnecessary data movement",
          "Use COMPUTE statements for complex arithmetic operations"
        ]
      }
    }
  },
  "errors": [],
  "warnings": []
}