{
  "analyzer_name": "engine",
  "program_id": "SISTEMA-FINANCEIRO",
  "success": true,
  "execution_time": 0.013042211532592773,
  "data": {
    "program_info": {
      "program_id": "SISTEMA-FINANCEIRO",
      "file_path": "/tmp/cobol_engine_extracted/portfolio_teste_sistema_financeiro.cbl",
      "author": "EQUIPE-DESENVOLVIMENTO.",
      "date_written": "15/11/2024.",
      "lines_of_code": 126,
      "variables_count": 6,
      "sections_count": 3,
      "paragraphs_count": 3,
      "files_count": 2,
      "copy_books_count": 0,
      "total_complexity": 0
    },
    "analyzer_results": {
      "security_analyzer": {
        "security_score": 86,
        "issues": [
          {
            "type": "FILE_SECURITY",
            "severity": "HIGH",
            "description": "File ARQUIVO-CONTAS lacks FILE STATUS handling",
            "recommendation": "Add FILE STATUS clause for error handling"
          },
          {
            "type": "FILE_SECURITY",
            "severity": "HIGH",
            "description": "File RELATORIO-SAIDA lacks FILE STATUS handling",
            "recommendation": "Add FILE STATUS clause for error handling"
          }
        ],
        "compliance_status": "NEEDS_REVIEW",
        "total_issues": 2,
        "critical_issues": 0,
        "high_issues": 2,
        "medium_issues": 0,
        "low_issues": 0,
        "recommendations": [
          "Add FILE STATUS handling for all file operations"
        ]
      },
      "performance_analyzer": {
        "performance_score": 93,
        "complexity": "LOW",
        "issues": [
          {
            "type": "MEDIUM_COMPLEXITY",
            "severity": "MEDIUM",
            "location": "DATE-WRITTEN",
            "description": "Paragraph DATE-WRITTEN has medium complexity (23)",
            "recommendation": "Review for potential simplification"
          },
          {
            "type": "INEFFICIENT_ARITHMETIC",
            "severity": "LOW",
            "description": "Consider using COMPUTE for complex arithmetic operations",
            "recommendation": "Replace multiple ADD/SUBTRACT/MULTIPLY/DIVIDE with COMPUTE"
          }
        ],
        "metrics": {
          "total_complexity": 0,
          "max_paragraph_complexity": 23,
          "complex_paragraphs": 0
        },
        "total_issues": 2,
        "critical_issues": 0,
        "high_issues": 0,
        "medium_issues": 1,
        "low_issues": 1,
        "optimizations": [
          "Use COMPUTE statements for complex arithmetic operations"
        ]
      }
    }
  },
  "errors": [],
  "warnings": []
}