{
  "analyzer_name": "engine",
  "program_id": "GESTAO-CLIENTES",
  "success": true,
  "execution_time": 0.014978885650634766,
  "data": {
    "program_info": {
      "program_id": "GESTAO-CLIENTES",
      "file_path": "/tmp/cobol_engine_extracted/portfolio_teste_gestao_clientes.cbl",
      "author": "ANALISTA-SISTEMAS.",
      "date_written": "15/11/2024.",
      "lines_of_code": 301,
      "variables_count": 11,
      "sections_count": 3,
      "paragraphs_count": 3,
      "files_count": 2,
      "copy_books_count": 0,
      "total_complexity": 0
    },
    "analyzer_results": {
      "security_analyzer": {
        "security_score": 38,
        "issues": [
          {
            "type": "INPUT_VALIDATION",
            "severity": "MEDIUM",
            "line": 116,
            "description": "ACCEPT statement without input validation",
            "recommendation": "Add validation after ACCEPT statement"
          },
          {
            "type": "INPUT_VALIDATION",
            "severity": "MEDIUM",
            "line": 150,
            "description": "ACCEPT statement without input validation",
            "recommendation": "Add validation after ACCEPT statement"
          },
          {
            "type": "INPUT_VALIDATION",
            "severity": "MEDIUM",
            "line": 162,
            "description": "ACCEPT statement without input validation",
            "recommendation": "Add validation after ACCEPT statement"
          },
          {
            "type": "INPUT_VALIDATION",
            "severity": "MEDIUM",
            "line": 182,
            "description": "ACCEPT statement without input validation",
            "recommendation": "Add validation after ACCEPT statement"
          },
          {
            "type": "INPUT_VALIDATION",
            "severity": "MEDIUM",
            "line": 214,
            "description": "ACCEPT statement without input validation",
            "recommendation": "Add validation after ACCEPT statement"
          },
          {
            "type": "INPUT_VALIDATION",
            "severity": "MEDIUM",
            "line": 216,
            "description": "ACCEPT statement without input validation",
            "recommendation": "Add validation after ACCEPT statement"
          },
          {
            "type": "INPUT_VALIDATION",
            "severity": "MEDIUM",
            "line": 218,
            "description": "ACCEPT statement without input validation",
            "recommendation": "Add validation after ACCEPT statement"
          },
          {
            "type": "INPUT_VALIDATION",
            "severity": "MEDIUM",
            "line": 220,
            "description": "ACCEPT statement without input validation",
            "recommendation": "Add validation after ACCEPT statement"
          },
          {
            "type": "INPUT_VALIDATION",
            "severity": "MEDIUM",
            "line": 222,
            "description": "ACCEPT statement without input validation",
            "recommendation": "Add validation after ACCEPT statement"
          },
          {
            "type": "INPUT_VALIDATION",
            "severity": "MEDIUM",
            "line": 224,
            "description": "ACCEPT statement without input validation",
            "recommendation": "Add validation after ACCEPT statement"
          },
          {
            "type": "INPUT_VALIDATION",
            "severity": "MEDIUM",
            "line": 276,
            "description": "ACCEPT statement without input validation",
            "recommendation": "Add validation after ACCEPT statement"
          },
          {
            "type": "INPUT_VALIDATION",
            "severity": "MEDIUM",
            "line": 279,
            "description": "ACCEPT statement without input validation",
            "recommendation": "Add validation after ACCEPT statement"
          },
          {
            "type": "FILE_SECURITY",
            "severity": "HIGH",
            "description": "File ARQUIVO-CLIENTES lacks FILE STATUS handling",
            "recommendation": "Add FILE STATUS clause for error handling"
          },
          {
            "type": "FILE_SECURITY",
            "severity": "HIGH",
            "description": "File ARQUIVO-ENDERECOS lacks FILE STATUS handling",
            "recommendation": "Add FILE STATUS clause for error handling"
          }
        ],
        "compliance_status": "NEEDS_REVIEW",
        "total_issues": 14,
        "critical_issues": 0,
        "high_issues": 2,
        "medium_issues": 12,
        "low_issues": 0,
        "recommendations": [
          "Implement input validation for all ACCEPT statements",
          "Add FILE STATUS handling for all file operations"
        ]
      },
      "performance_analyzer": {
        "performance_score": 88,
        "complexity": "LOW",
        "issues": [
          {
            "type": "HIGH_COMPLEXITY",
            "severity": "HIGH",
            "location": "DATE-WRITTEN",
            "description": "Paragraph DATE-WRITTEN has high complexity (54)",
            "recommendation": "Consider breaking down into smaller paragraphs"
          },
          {
            "type": "INEFFICIENT_ARITHMETIC",
            "severity": "LOW",
            "description": "Consider using COMPUTE for complex arithmetic operations",
            "recommendation": "Replace multiple ADD/SUBTRACT/MULTIPLY/DIVIDE with COMPUTE"
          }
        ],
        "metrics": {
          "total_complexity": 0,
          "max_paragraph_complexity": 54,
          "complex_paragraphs": 1
        },
        "total_issues": 2,
        "critical_issues": 0,
        "high_issues": 1,
        "medium_issues": 0,
        "low_issues": 1,
        "optimizations": [
          "Break down complex paragraphs into smaller, focused units",
          "Use COMPUTE statements for complex arithmetic operations"
        ]
      }
    }
  },
  "errors": [],
  "warnings": []
}