{
  "kb_0000": {
    "id": "cadoc_001",
    "title": "Sistemas CADOC - Fundamentos",
    "content": "CADOC (Cadastro de Documentos) é um sistema especializado em gestão documental bancária que gerencia o ciclo de vida completo de documentos financeiros. Inclui funcionalidades de captura, classificação, indexação, armazenamento, busca e recuperação de documentos. Sistemas CADOC implementam regras específicas de compliance, auditoria e retenção documental conforme regulamentações bancárias.",
    "category": "Fundamentos CADOC",
    "keywords": [
      "cadoc",
      "gestão documental",
      "documentos bancários",
      "compliance"
    ],
    "cobol_constructs": [
      "FILE-CONTROL",
      "SELECT",
      "ORGANIZATION INDEXED"
    ],
    "domain": "Gestão Documental",
    "complexity_level": "intermediario",
    "created_at": "2025-09-29T14:00:00"
  }
}