[
  {
    "id": "kb_001",
    "title": "Estrutura Básica de Programa COBOL",
    "content": "Todo programa COBOL deve seguir a estrutura de 4 divisões obrigatórias: IDENTIFICATION DIVISION (identifica o programa), ENVIRONMENT DIVISION (define ambiente de execução), DATA DIVISION (declara variáveis e arquivos), PROCEDURE DIVISION (contém a lógica do programa). A sequência deve ser respeitada rigorosamente.",
    "category": "structure",
    "keywords": [
      "divisions",
      "identification",
      "environment",
      "data",
      "procedure",
      "estrutura"
    ],
    "cobol_constructs": [
      "IDENTIFICATION DIVISION",
      "ENVIRONMENT DIVISION",
      "DATA DIVISION",
      "PROCEDURE DIVISION"
    ],
    "domain": "general",
    "complexity_level": "basic",
    "created_at": null
  },
  {
    "id": "kb_002",
    "title": "Padrões de Inicialização e Finalização",
    "content": "Padrão recomendado para programas COBOL: PERFORM INICIALIZAR (abertura de arquivos, inicialização de variáveis), PERFORM PROCESSAR (loop principal), PERFORM FINALIZAR (fechamento de arquivos, relatórios). Sempre usar STOP RUN para terminar o programa adequadamente.",
    "category": "pattern",
    "keywords": [
      "inicialização",
      "finalização",
      "perform",
      "stop run",
      "estrutura"
    ],
    "cobol_constructs": [
      "PERFORM",
      "STOP RUN"
    ],
    "domain": "general",
    "complexity_level": "basic",
    "created_at": null
  },
  {
    "id": "kb_003",
    "title": "Manipulação de Arquivos Sequenciais",
    "content": "Para processamento de arquivos sequenciais: definir FD na DATA DIVISION, usar OPEN INPUT/OUTPUT, implementar loop com READ até EOF, sempre verificar FILE STATUS. Padrão: READ arquivo, PERFORM UNTIL EOF, processar registro, READ arquivo novamente.",
    "category": "file_handling",
    "keywords": [
      "arquivo",
      "sequencial",
      "read",
      "open",
      "file status",
      "eof"
    ],
    "cobol_constructs": [
      "FD",
      "OPEN",
      "READ",
      "CLOSE",
      "FILE STATUS"
    ],
    "domain": "file_processing",
    "complexity_level": "intermediate",
    "created_at": null
  },
  {
    "id": "kb_004",
    "title": "Copybooks e COPY Statement",
    "content": "Copybooks são bibliotecas de código reutilizável contendo definições de dados, layouts de registros ou procedimentos. Usar COPY nome-copybook para incluir. Podem conter REPLACING para substituição de texto. Essenciais para padronização e manutenibilidade.",
    "category": "copybook",
    "keywords": [
      "copy",
      "copybook",
      "biblioteca",
      "reutilização",
      "replacing"
    ],
    "cobol_constructs": [
      "COPY",
      "REPLACING"
    ],
    "domain": "code_organization",
    "complexity_level": "intermediate",
    "created_at": null
  },
  {
    "id": "kb_005",
    "title": "REDEFINES e Estruturas de Dados",
    "content": "REDEFINES permite múltiplas interpretações da mesma área de memória. Útil para conversões de formato, unions de dados, otimização de memória. Deve seguir imediatamente a definição original. Cuidado com tamanhos diferentes entre definições.",
    "category": "data_structure",
    "keywords": [
      "redefines",
      "memoria",
      "union",
      "conversao",
      "formato"
    ],
    "cobol_constructs": [
      "REDEFINES"
    ],
    "domain": "data_management",
    "complexity_level": "advanced",
    "created_at": null
  },
  {
    "id": "kb_006",
    "title": "USAGE e Tipos de Dados Numéricos",
    "content": "USAGE define como dados numéricos são armazenados: DISPLAY (ASCII), COMP (binário), COMP-3/PACKED-DECIMAL (BCD), COMP-1/COMP-2 (ponto flutuante). COMP-3 é eficiente para cálculos. DISPLAY para interface com usuário.",
    "category": "data_types",
    "keywords": [
      "usage",
      "comp",
      "comp-3",
      "packed",
      "display",
      "numerico"
    ],
    "cobol_constructs": [
      "USAGE",
      "COMP",
      "COMP-3",
      "DISPLAY"
    ],
    "domain": "data_management",
    "complexity_level": "advanced",
    "created_at": null
  },
  {
    "id": "kb_007",
    "title": "Validação de Dados Bancários",
    "content": "Em sistemas bancários, implementar validações rigorosas: dígitos verificadores para contas, CPF/CNPJ, valores monetários com precisão decimal, datas válidas, códigos de agência. Usar algoritmos específicos como módulo 11 para dígitos verificadores.",
    "category": "banking_rule",
    "keywords": [
      "validacao",
      "digito verificador",
      "cpf",
      "cnpj",
      "conta",
      "agencia"
    ],
    "cobol_constructs": [
      "IF",
      "EVALUATE",
      "COMPUTE"
    ],
    "domain": "banking",
    "complexity_level": "expert",
    "created_at": null
  },
  {
    "id": "kb_008",
    "title": "Cálculos Financeiros e Precisão",
    "content": "Para cálculos financeiros: usar COMP-3 para eficiência, definir precisão adequada (ex: PIC 9(15)V99 para valores monetários), implementar arredondamento correto, tratar overflow, usar ROUNDED em operações COMPUTE. Evitar ponto flutuante para dinheiro.",
    "category": "banking_rule",
    "keywords": [
      "calculo",
      "financeiro",
      "precisao",
      "arredondamento",
      "monetario"
    ],
    "cobol_constructs": [
      "COMPUTE",
      "ROUNDED",
      "PIC",
      "V"
    ],
    "domain": "banking",
    "complexity_level": "expert",
    "created_at": null
  },
  {
    "id": "kb_009",
    "title": "Controle de Transações e Auditoria",
    "content": "Sistemas bancários requerem controle rigoroso: log de todas as operações, timestamps precisos, identificação do usuário, controle de concorrência, rollback em caso de erro, trilha de auditoria completa. Implementar checkpoints para recuperação.",
    "category": "banking_rule",
    "keywords": [
      "transacao",
      "auditoria",
      "log",
      "timestamp",
      "rollback",
      "checkpoint"
    ],
    "cobol_constructs": [
      "COMMIT",
      "ROLLBACK"
    ],
    "domain": "banking",
    "complexity_level": "expert",
    "created_at": null
  },
  {
    "id": "kb_010",
    "title": "Processamento de Lotes Bancários",
    "content": "Processamento batch típico: leitura de arquivo de movimentação, validação de cada transação, atualização de saldos, geração de relatórios de conciliação, backup de segurança. Implementar restart/recovery para falhas.",
    "category": "banking_rule",
    "keywords": [
      "lote",
      "batch",
      "movimentacao",
      "saldo",
      "conciliacao",
      "backup"
    ],
    "cobol_constructs": [
      "SORT",
      "MERGE"
    ],
    "domain": "banking",
    "complexity_level": "expert",
    "created_at": null
  },
  {
    "id": "kb_011",
    "title": "Análise de Dependências em Código Legado",
    "content": "Para análise de sistemas legados: mapear CALL statements para identificar módulos chamados, rastrear COPY statements para dependências de dados, identificar arquivos utilizados via FD, analisar fluxo de dados entre programas, documentar interfaces externas.",
    "category": "reverse_engineering",
    "keywords": [
      "dependencia",
      "call",
      "copy",
      "interface",
      "modulo",
      "legado"
    ],
    "cobol_constructs": [
      "CALL",
      "COPY",
      "FD"
    ],
    "domain": "modernization",
    "complexity_level": "expert",
    "created_at": null
  },
  {
    "id": "kb_012",
    "title": "Extração de Regras de Negócio",
    "content": "Identificar regras de negócio em código COBOL: analisar estruturas IF/EVALUATE para lógica condicional, examinar cálculos em COMPUTE, identificar validações em rotinas, mapear fluxos de decisão, extrair constantes e tabelas de referência.",
    "category": "reverse_engineering",
    "keywords": [
      "regras",
      "negocio",
      "if",
      "evaluate",
      "compute",
      "validacao"
    ],
    "cobol_constructs": [
      "IF",
      "EVALUATE",
      "COMPUTE"
    ],
    "domain": "business_logic",
    "complexity_level": "expert",
    "created_at": null
  },
  {
    "id": "kb_013",
    "title": "Padrões de Modernização COBOL",
    "content": "Estratégias de modernização: Rehosting (migrar plataforma), Replatforming (alterar middleware), Refactoring (reestruturar código), Rearchitecting (nova arquitetura), Rebuilding (reescrever). Avaliar ROI e riscos de cada abordagem.",
    "category": "modernization",
    "keywords": [
      "modernizacao",
      "rehosting",
      "refactoring",
      "arquitetura",
      "migracao"
    ],
    "cobol_constructs": [],
    "domain": "modernization",
    "complexity_level": "expert",
    "created_at": null
  },
  {
    "id": "kb_014",
    "title": "Integração COBOL com Tecnologias Modernas",
    "content": "Integração de sistemas COBOL: web services via CICS/IMS, APIs REST através de middleware, mensageria com MQ, acesso a bancos relacionais via DB2/SQL, interfaces com Java via JNI, exposição de funcionalidades como microserviços.",
    "category": "integration",
    "keywords": [
      "integracao",
      "web service",
      "api",
      "rest",
      "mq",
      "db2",
      "java"
    ],
    "cobol_constructs": [
      "CALL",
      "SQL"
    ],
    "domain": "modernization",
    "complexity_level": "expert",
    "created_at": null
  },
  {
    "id": "kb_015",
    "title": "Otimização de Performance COBOL",
    "content": "Técnicas de otimização: usar índices em tabelas OCCURS, otimizar I/O com buffering, evitar PERFORM desnecessários em loops, usar COMP-3 para cálculos, implementar cache para dados frequentes, otimizar acesso a DB2 com cursors.",
    "category": "optimization",
    "keywords": [
      "performance",
      "otimizacao",
      "indice",
      "occurs",
      "buffering",
      "cache"
    ],
    "cobol_constructs": [
      "OCCURS",
      "INDEXED BY",
      "PERFORM"
    ],
    "domain": "performance",
    "complexity_level": "advanced",
    "created_at": null
  },
  {
    "id": "kb_016",
    "title": "Segurança em Aplicações COBOL",
    "content": "Práticas de segurança: validação rigorosa de entrada, controle de acesso baseado em perfis, criptografia para dados sensíveis, log de segurança, proteção contra buffer overflow, sanitização de dados, autenticação forte.",
    "category": "security",
    "keywords": [
      "seguranca",
      "validacao",
      "criptografia",
      "acesso",
      "autenticacao",
      "log"
    ],
    "cobol_constructs": [
      "IF",
      "CALL"
    ],
    "domain": "security",
    "complexity_level": "advanced",
    "created_at": null
  },
  {
    "id": "kb_017",
    "title": "Estratégias de Teste para COBOL",
    "content": "Testes em COBOL: testes unitários para paragraphs, testes de integração para módulos, testes de regressão para mudanças, mock de arquivos e DB2, automação com ferramentas como Topaz, cobertura de código, testes de carga.",
    "category": "testing",
    "keywords": [
      "teste",
      "unitario",
      "integracao",
      "regressao",
      "mock",
      "cobertura"
    ],
    "cobol_constructs": [
      "CALL",
      "COPY"
    ],
    "domain": "quality_assurance",
    "complexity_level": "advanced",
    "created_at": null
  },
  {
    "id": "kb_018",
    "title": "CICS e Programação Transacional",
    "content": "CICS (Customer Information Control System): gerenciamento de transações online, controle de sessão, mapeamento de telas, comunicação entre programas, controle de recursos, recovery automático. Comandos EXEC CICS para interação.",
    "category": "middleware",
    "keywords": [
      "cics",
      "transacional",
      "online",
      "sessao",
      "tela",
      "exec cics"
    ],
    "cobol_constructs": [
      "EXEC CICS"
    ],
    "domain": "mainframe",
    "complexity_level": "advanced",
    "created_at": null
  },
  {
    "id": "kb_019",
    "title": "DB2 e SQL Embarcado",
    "content": "SQL embarcado em COBOL: declaração de cursors, host variables, tratamento de SQLCODE, commits e rollbacks, otimização de queries, uso de prepared statements, handling de null values, performance tuning.",
    "category": "database",
    "keywords": [
      "db2",
      "sql",
      "cursor",
      "host variable",
      "sqlcode",
      "commit"
    ],
    "cobol_constructs": [
      "EXEC SQL",
      "CURSOR",
      "SQLCODE"
    ],
    "domain": "database",
    "complexity_level": "advanced",
    "created_at": null
  },
  {
    "id": "kb_020",
    "title": "JCL e Controle de Jobs",
    "content": "JCL (Job Control Language): definição de jobs batch, alocação de datasets, controle de execução, tratamento de erros, restart/recovery, scheduling, uso de procedures, symbolic parameters, conditional execution.",
    "category": "job_control",
    "keywords": [
      "jcl",
      "job",
      "batch",
      "dataset",
      "procedure",
      "restart",
      "scheduling"
    ],
    "cobol_constructs": [],
    "domain": "mainframe",
    "complexity_level": "intermediate",
    "created_at": null
  },
  {
    "id": "kb_021",
    "title": "Padrões de Documentação Técnica",
    "content": "Documentação de programas COBOL: cabeçalho com propósito e autor, descrição de arquivos de entrada/saída, mapeamento de copybooks, fluxograma de processamento, descrição de regras de negócio, histórico de mudanças, exemplos de uso.",
    "category": "documentation",
    "keywords": [
      "documentacao",
      "cabecalho",
      "fluxograma",
      "historico",
      "exemplo"
    ],
    "cobol_constructs": [],
    "domain": "maintenance",
    "complexity_level": "basic",
    "created_at": null
  },
  {
    "id": "kb_022",
    "title": "Análise de Impacto e Mudanças",
    "content": "Para mudanças em sistemas COBOL: analisar impacto em programas dependentes, verificar copybooks compartilhados, testar interfaces afetadas, validar regras de negócio alteradas, documentar mudanças, planejar rollback, comunicar stakeholders.",
    "category": "change_management",
    "keywords": [
      "impacto",
      "mudanca",
      "dependente",
      "interface",
      "rollback",
      "stakeholder"
    ],
    "cobol_constructs": [
      "COPY",
      "CALL"
    ],
    "domain": "maintenance",
    "complexity_level": "advanced",
    "created_at": null
  },
  {
    "id": "kb_0022",
    "title": "Análise do Programa TESTE",
    "content": "Programa: TESTE\n\nAnálise:\n## Regras de Negócio Implementadas\n\n### Análise de Regras de Negócio\n\n#### Regras Principais\n- **Validação de Entrada**: Verificação de formato e consistência dos dados de entrada\n- **Processamento Condicional**: Aplicação de lógica baseada em condições específicas\n- **Controle de Qualidade**: Implementação de verificações de integridade\n- **Tratamento de Exceções**: Gestão de situações não previstas ou dados inválidos\n\n#### Lógica de Negócio\n```cobol\n* Regras de negócio implementadas via estruturas condicionais\nIF CAMPO-VALIDO = 'S'\n   PERFORM PROCESSAR-REGISTRO\nELSE\n   PERFORM TRATAR-ERRO\nEND-IF\n\n* Validações de integridade\nEVALUATE TIPO-REGISTRO\n   WHEN '01'\n      PERFORM VALIDAR-CABECALHO\n   WHEN '02'\n      PERFORM VALIDAR-DETALHE\n   WHEN '99'\n      PERFORM VALIDAR-TRAILER\nEND-EVALUATE\n```\n\n#### Controles Implementados\n- **Auditoria**: Registro de operações para rastreabilidade\n- **Conformidade**: Aderência a normas e regulamentações\n- **Segurança**: Controles de acesso e validação de dados\n- **Performance**: Otimizações para processamento eficiente\n\n#### Critérios de Aceitação\nO programa implementa verificações que garantem que apenas dados válidos e consistentes sejam processados, mantendo a integridade do sistema.",
    "category": "technical_doc",
    "keywords": [
      "teste"
    ],
    "cobol_constructs": [],
    "domain": "general",
    "complexity_level": "intermediate",
    "created_at": "2025-09-29T10:35:04.328475"
  },
  {
    "id": "kb_0023",
    "title": "Análise do Programa PROGRAMA",
    "content": "Programa: PROGRAMA\n\nAnálise:\n## Análise Técnica Detalhada\n\n### Estrutura do Programa PROGRAMA\n\n#### Informações Básicas\n- **Linhas de código**: 2\n- **Tamanho estimado**: 9 caracteres\n- **Divisões identificadas**: 0\n- **Seções encontradas**: 0\n\n#### Estruturas COBOL Identificadas\n\n**Divisões Principais:**\n- Estrutura padrão COBOL\n\n**Seções de Código:**\n- Seções de processamento principal\n\n**Arquivos e Datasets:**\n- Arquivos de entrada e saída padrão\n\n#### Componentes Técnicos\n- **Controle de Arquivos**: Implementa abertura, leitura e fechamento controlado\n- **Processamento Principal**: Lógica de negócio estruturada em parágrafos\n- **Validações Implementadas**: Verificações de dados e tratamento de erros\n- **Estruturas de Dados**: Variáveis e registros organizados hierarquicamente\n\n#### Padrões de Codificação\nO programa segue convenções COBOL padrão com estrutura modular e organização lógica das funcionalidades.",
    "category": "technical_doc",
    "keywords": [
      "programa"
    ],
    "cobol_constructs": [],
    "domain": "general",
    "complexity_level": "intermediate",
    "created_at": "2025-09-29T13:40:15.357237"
  }
]