[
  {
    "id": "cadoc_001",
    "title": "Sistemas CADOC - Fundamentos",
    "content": "CADOC (Cadastro de Documentos) é um sistema especializado em gestão documental bancária que gerencia o ciclo de vida completo de documentos financeiros. Inclui funcionalidades de captura, classificação, indexação, armazenamento, busca e recuperação de documentos. Sistemas CADOC implementam regras específicas de compliance, auditoria e retenção documental conforme regulamentações bancárias.",
    "category": "Fundamentos CADOC",
    "keywords": ["cadoc", "gestão documental", "documentos bancários", "compliance"],
    "cobol_constructs": ["FILE-CONTROL", "SELECT", "ORGANIZATION INDEXED"],
    "domain": "Gestão Documental",
    "complexity_level": "intermediario",
    "created_at": "2025-09-29T14:00:00"
  },
  {
    "id": "cadoc_002", 
    "title": "Classificação Automática de Documentos",
    "content": "Algoritmos de classificação documental em COBOL utilizam análise de padrões, palavras-chave e estruturas para categorizar documentos automaticamente. Implementam regras de negócio específicas para tipos documentais (contratos, comprovantes, extratos) com validações de formato, conteúdo e metadados. Incluem tratamento de exceções para documentos não classificáveis.",
    "category": "Processamento Documental",
    "keywords": ["classificação", "algoritmos", "padrões", "categorização"],
    "cobol_constructs": ["EVALUATE", "SEARCH", "STRING", "INSPECT"],
    "domain": "Inteligência Documental",
    "complexity_level": "avancado",
    "created_at": "2025-09-29T14:00:00"
  },
  {
    "id": "cadoc_003",
    "title": "Indexação e Metadados Documentais",
    "content": "Sistemas de indexação extraem e estruturam metadados documentais para otimizar busca e recuperação. Implementam índices primários (número documento, data, tipo) e secundários (cliente, produto, valor). Utilizam estruturas ISAM/VSAM para acesso eficiente e mantêm consistência referencial entre documentos e índices.",
    "category": "Indexação",
    "keywords": ["indexação", "metadados", "busca", "ISAM", "VSAM"],
    "cobol_constructs": ["INDEXED", "KEY", "ALTERNATE KEY", "START"],
    "domain": "Estruturas de Dados",
    "complexity_level": "avancado",
    "created_at": "2025-09-29T14:00:00"
  },
  {
    "id": "cadoc_004",
    "title": "Validação de Qualidade Documental",
    "content": "Controles de qualidade verificam integridade, legibilidade e conformidade de documentos. Implementam validações de formato (PDF, TIFF), resolução mínima, presença de assinaturas digitais e checksums. Incluem regras específicas por tipo documental e critérios de rejeição automática para documentos não conformes.",
    "category": "Controle de Qualidade",
    "keywords": ["validação", "qualidade", "integridade", "conformidade"],
    "cobol_constructs": ["IF", "EVALUATE", "FUNCTION", "CALL"],
    "domain": "Qualidade",
    "complexity_level": "intermediario",
    "created_at": "2025-09-29T14:00:00"
  },
  {
    "id": "cadoc_005",
    "title": "Auditoria e Rastreabilidade CADOC",
    "content": "Trilhas de auditoria registram todas as operações documentais (criação, modificação, acesso, exclusão) com timestamp, usuário e justificativa. Implementam logs estruturados para compliance regulatório e permitem rastreamento completo do ciclo de vida documental. Incluem controles de integridade e não-repúdio.",
    "category": "Auditoria",
    "keywords": ["auditoria", "rastreabilidade", "logs", "compliance"],
    "cobol_constructs": ["WRITE", "CURRENT-DATE", "FUNCTION CURRENT-DATE"],
    "domain": "Compliance",
    "complexity_level": "intermediario",
    "created_at": "2025-09-29T14:00:00"
  },
  {
    "id": "cadoc_006",
    "title": "Regras de Retenção e Arquivamento",
    "content": "Políticas de retenção definem prazos de guarda por tipo documental conforme regulamentações. Implementam migração automática entre níveis de armazenamento (online, nearline, offline) baseada em idade e frequência de acesso. Incluem processos de purga controlada e certificação de destruição.",
    "category": "Retenção",
    "keywords": ["retenção", "arquivamento", "migração", "purga"],
    "cobol_constructs": ["DATE", "COMPUTE", "IF", "MOVE"],
    "domain": "Gestão de Ciclo de Vida",
    "complexity_level": "avancado",
    "created_at": "2025-09-29T14:00:00"
  },
  {
    "id": "cadoc_007",
    "title": "Busca e Recuperação Avançada",
    "content": "Mecanismos de busca implementam consultas por múltiplos critérios (texto, data, tipo, cliente) com operadores booleanos. Utilizam índices invertidos para busca textual e algoritmos de ranking por relevância. Incluem cache de resultados e otimizações para consultas frequentes.",
    "category": "Busca",
    "keywords": ["busca", "recuperação", "consultas", "índices"],
    "cobol_constructs": ["SEARCH", "SEARCH ALL", "VARYING", "UNTIL"],
    "domain": "Recuperação de Informação",
    "complexity_level": "avancado",
    "created_at": "2025-09-29T14:00:00"
  },
  {
    "id": "cadoc_008",
    "title": "Integração com Repositórios Documentais",
    "content": "Interfaces com sistemas de armazenamento (Content Manager, FileNet) através de APIs padronizadas. Implementam protocolos de transferência segura, controle de versões e sincronização de metadados. Incluem tratamento de falhas de comunicação e mecanismos de retry.",
    "category": "Integração",
    "keywords": ["repositórios", "APIs", "transferência", "sincronização"],
    "cobol_constructs": ["CALL", "LINKAGE SECTION", "RETURN-CODE"],
    "domain": "Integração Sistêmica",
    "complexity_level": "avancado",
    "created_at": "2025-09-29T14:00:00"
  },
  {
    "id": "cadoc_009",
    "title": "Processamento Batch de Documentos",
    "content": "Jobs batch processam grandes volumes documentais em janelas de processamento noturno. Implementam paralelização por partições, checkpoints para restart e balanceamento de carga. Incluem relatórios de processamento, estatísticas de performance e alertas para exceções.",
    "category": "Processamento Batch",
    "keywords": ["batch", "volumes", "paralelização", "performance"],
    "cobol_constructs": ["JCL", "SORT", "MERGE", "CHECKPOINT"],
    "domain": "Processamento em Lote",
    "complexity_level": "avancado",
    "created_at": "2025-09-29T14:00:00"
  },
  {
    "id": "cadoc_010",
    "title": "Controles de Segurança Documental",
    "content": "Implementam criptografia de documentos sensíveis, controle de acesso baseado em perfis e assinatura digital. Utilizam algoritmos de hash para verificação de integridade e protocolos seguros para transmissão. Incluem logs de segurança e detecção de tentativas de acesso não autorizado.",
    "category": "Segurança",
    "keywords": ["criptografia", "controle de acesso", "assinatura digital", "integridade"],
    "cobol_constructs": ["CALL", "FUNCTION", "MOVE", "IF"],
    "domain": "Segurança da Informação",
    "complexity_level": "expert",
    "created_at": "2025-09-29T14:00:00"
  },
  {
    "id": "cadoc_011",
    "title": "Workflow de Aprovação Documental",
    "content": "Fluxos de aprovação automatizam validação hierárquica de documentos críticos. Implementam estados de documento (pendente, aprovado, rejeitado), notificações automáticas e escalação por timeout. Incluem trilhas de decisão e justificativas de aprovação/rejeição.",
    "category": "Workflow",
    "keywords": ["aprovação", "workflow", "estados", "notificações"],
    "cobol_constructs": ["EVALUATE", "PERFORM", "CALL", "IF"],
    "domain": "Processos de Negócio",
    "complexity_level": "intermediario",
    "created_at": "2025-09-29T14:00:00"
  },
  {
    "id": "cadoc_012",
    "title": "Métricas e Indicadores CADOC",
    "content": "Sistemas de métricas coletam indicadores de performance (tempo de processamento, taxa de erro, volume processado) e qualidade (documentos rejeitados, retrabalho). Geram dashboards executivos e relatórios regulatórios. Implementam alertas automáticos para desvios de SLA.",
    "category": "Métricas",
    "keywords": ["métricas", "indicadores", "performance", "qualidade"],
    "cobol_constructs": ["COMPUTE", "ADD", "DIVIDE", "WRITE"],
    "domain": "Monitoramento",
    "complexity_level": "intermediario",
    "created_at": "2025-09-29T14:00:00"
  },
  {
    "id": "cadoc_013",
    "title": "Migração e Modernização CADOC",
    "content": "Estratégias de modernização incluem migração para cloud, APIs RESTful e microserviços. Mantêm compatibilidade com sistemas legados através de adapters e gateways. Implementam migração incremental de dados e funcionalidades com rollback seguro.",
    "category": "Modernização",
    "keywords": ["migração", "modernização", "cloud", "APIs"],
    "cobol_constructs": ["COPY", "CALL", "JSON", "XML"],
    "domain": "Arquitetura",
    "complexity_level": "expert",
    "created_at": "2025-09-29T14:00:00"
  },
  {
    "id": "cadoc_014",
    "title": "Disaster Recovery Documental",
    "content": "Planos de continuidade garantem disponibilidade documental em cenários de desastre. Implementam replicação geográfica, backup incremental e testes regulares de recovery. Incluem RPO/RTO específicos por criticidade documental e procedimentos de failover automático.",
    "category": "Disaster Recovery",
    "keywords": ["disaster recovery", "replicação", "backup", "continuidade"],
    "cobol_constructs": ["COPY", "BACKUP", "RESTORE", "IF"],
    "domain": "Continuidade de Negócio",
    "complexity_level": "expert",
    "created_at": "2025-09-29T14:00:00"
  },
  {
    "id": "cadoc_015",
    "title": "OCR e Reconhecimento Inteligente",
    "content": "Tecnologias OCR extraem texto de documentos digitalizados com validação de confiança. Implementam reconhecimento de campos estruturados (CPF, CNPJ, valores) e correção automática de erros comuns. Incluem machine learning para melhoria contínua da precisão.",
    "category": "OCR",
    "keywords": ["OCR", "reconhecimento", "extração", "machine learning"],
    "cobol_constructs": ["CALL", "STRING", "UNSTRING", "INSPECT"],
    "domain": "Inteligência Artificial",
    "complexity_level": "expert",
    "created_at": "2025-09-29T14:00:00"
  }
]
