{
  "version": "1.0.0",
  "configurations": [
    {
      "name": "tbr-gdpcore-dtgovapi",
      "type": "python",
      "request": "launch",
      "program": "${workspaceFolder}/src/main.py",
      "cwd": "${workspaceFolder}",
      "env": {
        "PYTHONPATH": "src"
      },
      "console": "integratedTerminal",
      "justMyCode": false
    },
    {
      "name": "tbr-gdpcore-dtgovapi (Uvicorn)",
      "type": "python",
      "request": "launch",
      "module": "uvicorn",
      "args": [
        "main:app",
        "--reload",
        "--host",
        "0.0.0.0",
        "--port",
        "8000"
      ],
      "cwd": "${workspaceFolder}/src",
      "env": {
        "PYTHONPATH": "${workspaceFolder}/src"
      },
      "console": "integratedTerminal",
      "justMyCode": false
    },
    {
      "name": "All Tests",
      "type": "python",
      "request": "launch",
      "module": "pytest",
      "args": [
        "tests/"
      ],
      "cwd": "${workspaceFolder}",
      "env": {
        "PYTHONPATH": "src"
      },
      "console": "integratedTerminal",
      "justMyCode": false
    },
    {
      "name": "Unit Tests",
      "type": "python",
      "request": "launch",
      "module": "pytest",
      "args": [
        "tests/unit/"
      ],
      "cwd": "${workspaceFolder}",
      "env": {
        "PYTHONPATH": "src"
      },
      "console": "integratedTerminal",
      "justMyCode": false
    },
    {
      "name": "Integration Tests",
      "type": "python",
      "request": "launch",
      "module": "pytest",
      "args": [
        "tests/integration/"
      ],
      "cwd": "${workspaceFolder}",
      "env": {
        "PYTHONPATH": "src"
      },
      "console": "integratedTerminal",
      "justMyCode": false
    }
  ]
}

