[
  {
    "id": "kb_0000",
    "title": "Padrão de Inicialização de Programa COBOL",
    "content": "\n                Padrão padrão para inicialização de programas COBOL:\n                1. PERFORM INICIALIZAR - Configuração inicial, abertura de arquivos\n                2. PERFORM PROCESSAR - Loop principal de processamento\n                3. PERFORM FINALIZAR - Fechamento de arquivos, relatórios finais\n                \n                Exemplo:\n                MAIN-PROCEDURE.\n                    PERFORM INICIALIZAR\n                    PERFORM PROCESSAR\n                    PERFORM FINALIZAR\n                    STOP RUN.\n                ",
    "category": "pattern",
    "keywords": [
      "inicialização",
      "main-procedure",
      "perform",
      "estrutura"
    ],
    "cobol_constructs": [
      "PERFORM",
      "STOP RUN"
    ],
    "domain": "general",
    "complexity_level": "basic",
    "created_at": "2025-09-26T13:53:03.578665"
  },
  {
    "id": "kb_0001",
    "title": "Padrão de Loop com Controle de Arquivo",
    "content": "\n                Padrão para processamento sequencial de arquivos:\n                \n                PROCESSAR.\n                    READ ARQUIVO-ENTRADA\n                    PERFORM UNTIL WS-EOF = 'S'\n                        PERFORM PROCESSAR-REGISTRO\n                        READ ARQUIVO-ENTRADA\n                    END-PERFORM.\n                \n                Sempre verificar status do arquivo após READ e tratar fim de arquivo adequadamente.\n                ",
    "category": "pattern",
    "keywords": [
      "loop",
      "arquivo",
      "read",
      "until",
      "eof"
    ],
    "cobol_constructs": [
      "READ",
      "PERFORM UNTIL",
      "END-PERFORM"
    ],
    "domain": "general",
    "complexity_level": "intermediate",
    "created_at": "2025-09-26T13:53:03.578674"
  },
  {
    "id": "kb_0002",
    "title": "Validação de Conta Bancária",
    "content": "\n                Padrão para validação de contas bancárias:\n                1. Verificar se conta não está em branco\n                2. Validar dígito verificador\n                3. Verificar se conta existe na base\n                4. Validar status da conta (ativa/inativa)\n                \n                Códigos de retorno padrão:\n                '00' - Conta válida\n                '01' - Conta inválida\n                '02' - Conta inexistente\n                '03' - Conta inativa\n                ",
    "category": "banking_rule",
    "keywords": [
      "conta",
      "validação",
      "bancário",
      "dígito verificador"
    ],
    "cobol_constructs": [
      "IF",
      "EVALUATE"
    ],
    "domain": "banking",
    "complexity_level": "intermediate",
    "created_at": "2025-09-26T13:53:03.578677"
  },
  {
    "id": "kb_0003",
    "title": "Tratamento de Erro em Operações de Arquivo",
    "content": "\n                Sempre verificar FILE-STATUS após operações de arquivo:\n                \n                OPEN INPUT ARQUIVO-ENTRADA\n                IF FILE-STATUS NOT = '00'\n                    DISPLAY 'ERRO NA ABERTURA: ' FILE-STATUS\n                    PERFORM ERRO-FATAL\n                END-IF\n                \n                Códigos importantes:\n                '00' - Sucesso\n                '10' - Fim de arquivo\n                '23' - Arquivo não encontrado\n                '30' - Erro permanente\n                ",
    "category": "best_practice",
    "keywords": [
      "file-status",
      "erro",
      "arquivo",
      "tratamento"
    ],
    "cobol_constructs": [
      "OPEN",
      "FILE-STATUS",
      "IF"
    ],
    "domain": "general",
    "complexity_level": "basic",
    "created_at": "2025-09-26T13:53:03.578679"
  },
  {
    "id": "kb_0004",
    "title": "Cálculo de Juros Compostos",
    "content": "\n                Padrão para cálculo de juros compostos em sistemas bancários:\n                \n                COMPUTE WS-VALOR-FINAL = WS-CAPITAL * \n                    ((1 + WS-TAXA-JUROS) ** WS-PERIODO)\n                \n                Validações necessárias:\n                - Taxa de juros > 0\n                - Período > 0\n                - Capital > 0\n                - Verificar overflow em cálculos\n                ",
    "category": "banking_rule",
    "keywords": [
      "juros",
      "cálculo",
      "financeiro",
      "compute"
    ],
    "cobol_constructs": [
      "COMPUTE",
      "**"
    ],
    "domain": "banking",
    "complexity_level": "advanced",
    "created_at": "2025-09-26T13:53:03.578681"
  }
]