{
  "comparison_timestamp": "2025-07-14T15:21:14.070147",
  "version_1": {
    "name": "customer_data_contract_v1",
    "version": "1.0.0",
    "fields_count": 4,
    "quality_rules_count": 2,
    "sla": {
      "availability": "99.9%",
      "freshness": "24h",
      "completeness": "95%"
    }
  },
  "version_2": {
    "name": "customer_data_contract_v2",
    "version": "2.0.0",
    "fields_count": 8,
    "quality_rules_count": 4,
    "sla": {
      "availability": "99.95%",
      "freshness": "12h",
      "completeness": "98%",
      "accuracy": "99%"
    }
  },
  "differences": {
    "new_fields": [
      "phone",
      "updated_at",
      "status",
      "address"
    ],
    "removed_fields": [],
    "quality_rules_diff": 2
  }
}