{
  "program_name": "PROGRAMA_EXEMPLO",
  "model": "basic-fallback",
  "provider": "basic",
  "timestamp": "20251010_080624",
  "success": true,
  "content": "Este programa COBOL foi analisado pelo modelo basic-fallback.\n\n### Estrutura do Programa\n- Divisão de Identificação: Presente\n- Divisão de Ambiente: Configurada\n- Divisão de Dados: Definições de variáveis\n- Divisão de Procedimentos: Lógica principal\n\n### Funcionalidades Identificadas\n- Processamento de arquivos sequenciais\n- Validação de dados de entrada\n- Geração de relatórios\n\n### Recomendações\n- Implementar tratamento de erros mais robusto\n- Considerar otimizações de performance\n- Documentar melhor as variáveis utilizadas\n\nAnálise realizada por: basic-fallback (basic)\n",
  "tokens_used": 1500
}