{
  "status": "healthy",
  "version": "V2.2 Final - Imports Corrigidos",
  "timestamp": "2025-07-17T19:28:17Z",
  "controllers": {
    "loaded": 19,
    "failed": 1,
    "success_rate": "95.0%",
    "functional_controllers": [
      "contracts", "entities", "quality", "auth", "audit",
      "rate_limiting", "system", "metrics", "lineage", "policies",
      "stewardship", "tags", "analytics", "discovery", "workflows",
      "notifications", "integrations", "security", "performance"
    ],
    "failed_controllers": ["domains"]
  },
  "improvements_v22": {
    "dtos_contracts": "✅ DTOs de contratos criados",
    "imports_services": "✅ Imports corrigidos em services",
    "imports_use_cases": "✅ Imports corrigidos em use_cases",
    "fallback_imports": "✅ Fallbacks seguros implementados",
    "contract_service": "✅ ContractService completo criado",
    "windows_compatibility": "✅ Mantida compatibilidade Windows",
    "powershell_ready": "✅ Pronto para Windows PowerShell"
  },
  "endpoints": "152+",
  "functionality": "95%",
  "windows_ready": true,
  "powershell_tested": true,
  "aks_ready": true,
  "author": "Carlos Morais",
  "email": "carlos.morais@f1rst.com.br",
  "organization": "F1rst",
  "problems_resolved": [
    "DataContractCreateDTO não encontrado",
    "Imports relativos em services",
    "DTOs de contratos faltantes",
    "Use cases com imports incorretos",
    "Fallbacks de segurança ausentes"
  ]
}

