{
  "status": "healthy",
  "timestamp": "2025-07-18T03:14:29.235340",
  "version": "2.4.0",
  "python_version": "3.11.0",
  "platform": "linux",
  "author": "Carlos Morais",
  "email": "carlos.morais@f1rst.com.br",
  "organization": "F1rst",
  "environment": "development",
  "configuration": {
    "env_file_loaded": true,
    "yaml_config_loaded": true,
    "pydantic_v2_warnings": "resolved",
    "schema_extra_fixed": true
  },
  "imports": {
    "controllers_loaded": [
      "entities", "quality", "auth", "system", "metrics", 
      "lineage", "policies", "stewardship", "integrations"
    ],
    "controllers_failed": [
      "contracts", "audit", "rate_limiting", "domains", "tags",
      "analytics", "discovery", "workflows", "notifications", 
      "security", "performance"
    ],
    "total_controllers_loaded": 9,
    "total_controllers_failed": 11,
    "success_rate_controllers": 0.45
  },
  "features": {
    "configuration_system": true,
    "environment_detection": true,
    "yaml_config": true,
    "env_variables": true,
    "pydantic_v2_compatible": true,
    "cors_enabled": true
  },
  "warnings_resolved": {
    "pydantic_v2_schema_extra": "✅ Corrigido",
    "json_schema_extra_implemented": "✅ Implementado",
    "configuration_system": "✅ Implementado"
  }
}

