{
  "status": "healthy",
  "timestamp": "2025-07-18T02:48:38.686734",
  "version": "2.3.0",
  "python_version": "3.11.0",
  "platform": "linux",
  "author": "Carlos Morais",
  "email": "carlos.morais@f1rst.com.br",
  "organization": "F1rst",
  "imports": {
    "modules_loaded": ["LoggingMiddleware"],
    "modules_failed": ["ErrorHandlingMiddleware"],
    "controllers_loaded": [
      "contracts", "entities", "quality", "auth", "audit", 
      "rate_limiting", "system", "metrics", "domains", "lineage", 
      "policies", "stewardship", "tags", "analytics", "discovery", 
      "workflows", "notifications", "integrations", "security", "performance"
    ],
    "controllers_failed": [],
    "total_modules_loaded": 1,
    "total_controllers_loaded": 20,
    "total_modules_failed": 1,
    "total_controllers_failed": 0,
    "success_rate_modules": 0.5,
    "success_rate_controllers": 1.0
  },
  "middleware": {
    "error_handling": false,
    "logging": true,
    "exception_handlers": false,
    "cors": true
  },
  "dtos_status": {
    "entities_dtos": "✅ CRIADOS",
    "quality_dtos": "✅ CRIADOS", 
    "search_dtos": "✅ CRIADOS",
    "contract_version_dtos": "✅ CRIADOS",
    "search_params": "✅ CRIADO",
    "all_missing_dtos": "✅ RESOLVIDOS"
  },
  "services_status": {
    "domain_service": "✅ CRIADO",
    "lineage_service": "✅ CRIADO",
    "contract_service": "✅ FUNCIONANDO"
  },
  "warnings_resolved": {
    "pydantic_v2_warnings": "⚠️ PENDENTE - schema_extra -> json_schema_extra",
    "import_warnings": "✅ RESOLVIDOS"
  },
  "functionality": {
    "total_controllers": 20,
    "working_controllers": 20,
    "success_rate": "100%",
    "total_endpoints": "160+",
    "dtos_complete": true,
    "services_complete": true
  }
}

