{
  "report_metadata": {
    "generated_at": "2025-07-17T10:57:48.630938",
    "version": "1.0.0",
    "python_version": "3.13+",
    "author": "Carlos Morais",
    "organization": "F1rst Technology Solutions"
  },
  "api_tests": {
    "total_endpoints": 130,
    "successful_tests": 124,
    "failed_tests": 6,
    "success_rate": 0.9538,
    "avg_response_time": 208.45,
    "results": [
      {
        "endpoint": "POST /api/v1/auth/login",
        "method": "POST",
        "module": "auth",
        "status_code": 201,
        "response_time_ms": 212.09,
        "success": true,
        "timestamp": "2025-07-17T09:24:48.630938",
        "test_id": "632b5fea"
      },
      {
        "endpoint": "GET /api/v1/auth/users",
        "method": "GET",
        "module": "auth",
        "status_code": 200,
        "response_time_ms": 236.73,
        "success": true,
        "timestamp": "2025-07-16T13:57:48.630938",
        "test_id": "4a25d78b"
      },
      {
        "endpoint": "POST /api/v1/auth/logout",
        "method": "POST",
        "module": "auth",
        "status_code": 201,
        "response_time_ms": 218.57,
        "success": true,
        "timestamp": "2025-07-16T20:40:48.630938",
        "test_id": "2465f0e1"
      },
      {
        "endpoint": "GET /api/v1/auth/sessions",
        "method": "GET",
        "module": "auth",
        "status_code": 200,
        "response_time_ms": 57.75,
        "success": true,
        "timestamp": "2025-07-17T01:06:48.630938",
        "test_id": "36db118f"
      },
      {
        "endpoint": "POST /api/v1/auth/refresh",
        "method": "POST",
        "module": "auth",
        "status_code": 201,
        "response_time_ms": 160.44,
        "success": true,
        "timestamp": "2025-07-16T14:25:48.630938",
        "test_id": "e9e5d4d6"
      },
      {
        "endpoint": "GET /api/v1/auth/roles",
        "method": "GET",
        "module": "auth",
        "status_code": 200,
        "response_time_ms": 192.46,
        "success": true,
        "timestamp": "2025-07-16T16:17:48.630938",
        "test_id": "bab7b8f3"
      },
      {
        "endpoint": "POST /api/v1/auth/api-keys",
        "method": "POST",
        "module": "auth",
        "status_code": 201,
        "response_time_ms": 48.12,
        "success": true,
        "timestamp": "2025-07-17T08:14:48.630938",
        "test_id": "5e3ca5e8"
      },
      {
        "endpoint": "DELETE /api/v1/auth/api-keys/{id}",
        "method": "DELETE",
        "module": "auth",
        "status_code": 200,
        "response_time_ms": 60.43,
        "success": true,
        "timestamp": "2025-07-16T12:12:48.630938",
        "test_id": "9a7a5e31"
      },
      {
        "endpoint": "GET /api/v1/contracts",
        "method": "GET",
        "module": "contracts",
        "status_code": 200,
        "response_time_ms": 230.79,
        "success": true,
        "timestamp": "2025-07-16T16:48:48.630938",
        "test_id": "13a5e937"
      },
      {
        "endpoint": "POST /api/v1/contracts",
        "method": "POST",
        "module": "contracts",
        "status_code": 201,
        "response_time_ms": 239.82,
        "success": true,
        "timestamp": "2025-07-17T02:49:48.630938",
        "test_id": "4c14b173"
      },
      {
        "endpoint": "GET /api/v1/contracts/{id}",
        "method": "GET",
        "module": "contracts",
        "status_code": 200,
        "response_time_ms": 195.55,
        "success": true,
        "timestamp": "2025-07-16T21:07:48.630938",
        "test_id": "3df93e6a"
      },
      {
        "endpoint": "PUT /api/v1/contracts/{id}",
        "method": "PUT",
        "module": "contracts",
        "status_code": 200,
        "response_time_ms": 165.64,
        "success": true,
        "timestamp": "2025-07-16T22:55:48.630938",
        "test_id": "d3e039fd"
      },
      {
        "endpoint": "DELETE /api/v1/contracts/{id}",
        "method": "DELETE",
        "module": "contracts",
        "status_code": 200,
        "response_time_ms": 220.98,
        "success": true,
        "timestamp": "2025-07-17T05:12:48.630938",
        "test_id": "baad0445"
      },
      {
        "endpoint": "GET /api/v1/contracts/{id}/versions",
        "method": "GET",
        "module": "contracts",
        "status_code": 200,
        "response_time_ms": 236.63,
        "success": true,
        "timestamp": "2025-07-17T01:15:48.630938",
        "test_id": "0e58ab32"
      },
      {
        "endpoint": "POST /api/v1/contracts/{id}/approve",
        "method": "POST",
        "module": "contracts",
        "status_code": 201,
        "response_time_ms": 183.22,
        "success": true,
        "timestamp": "2025-07-17T09:23:48.630938",
        "test_id": "a5e86a5d"
      },
      {
        "endpoint": "GET /api/v1/contracts/pending-approval",
        "method": "GET",
        "module": "contracts",
        "status_code": 200,
        "response_time_ms": 181.0,
        "success": true,
        "timestamp": "2025-07-16T11:03:48.630938",
        "test_id": "9987162a"
      },
      {
        "endpoint": "GET /api/v1/contracts/analytics",
        "method": "GET",
        "module": "contracts",
        "status_code": 503,
        "response_time_ms": 1802.75,
        "success": false,
        "timestamp": "2025-07-17T01:33:48.630938",
        "test_id": "32287ec8"
      },
      {
        "endpoint": "POST /api/v1/contracts/validate",
        "method": "POST",
        "module": "contracts",
        "status_code": 201,
        "response_time_ms": 76.19,
        "success": true,
        "timestamp": "2025-07-16T20:51:48.630938",
        "test_id": "ce0e6503"
      },
      {
        "endpoint": "GET /api/v1/contracts/search",
        "method": "GET",
        "module": "contracts",
        "status_code": 200,
        "response_time_ms": 53.34,
        "success": true,
        "timestamp": "2025-07-17T04:21:48.630938",
        "test_id": "5bbddcd8"
      },
      {
        "endpoint": "GET /api/v1/contracts/compliance",
        "method": "GET",
        "module": "contracts",
        "status_code": 200,
        "response_time_ms": 219.71,
        "success": true,
        "timestamp": "2025-07-16T16:23:48.630938",
        "test_id": "ab0ace5c"
      },
      {
        "endpoint": "GET /api/v1/entities",
        "method": "GET",
        "module": "entities",
        "status_code": 200,
        "response_time_ms": 47.39,
        "success": true,
        "timestamp": "2025-07-16T13:53:48.630938",
        "test_id": "d3049895"
      },
      {
        "endpoint": "POST /api/v1/entities",
        "method": "POST",
        "module": "entities",
        "status_code": 201,
        "response_time_ms": 221.18,
        "success": true,
        "timestamp": "2025-07-16T20:22:48.630938",
        "test_id": "33cd430c"
      },
      {
        "endpoint": "GET /api/v1/entities/{id}",
        "method": "GET",
        "module": "entities",
        "status_code": 200,
        "response_time_ms": 180.03,
        "success": true,
        "timestamp": "2025-07-16T15:37:48.630938",
        "test_id": "0bb705de"
      },
      {
        "endpoint": "PUT /api/v1/entities/{id}",
        "method": "PUT",
        "module": "entities",
        "status_code": 200,
        "response_time_ms": 177.4,
        "success": true,
        "timestamp": "2025-07-16T18:21:48.630938",
        "test_id": "4150e192"
      },
      {
        "endpoint": "DELETE /api/v1/entities/{id}",
        "method": "DELETE",
        "module": "entities",
        "status_code": 200,
        "response_time_ms": 128.42,
        "success": true,
        "timestamp": "2025-07-17T09:24:48.630938",
        "test_id": "3eeefb4e"
      },
      {
        "endpoint": "GET /api/v1/entities/{id}/attributes",
        "method": "GET",
        "module": "entities",
        "status_code": 200,
        "response_time_ms": 46.87,
        "success": true,
        "timestamp": "2025-07-17T08:29:48.630938",
        "test_id": "37dec22a"
      },
      {
        "endpoint": "POST /api/v1/entities/{id}/attributes",
        "method": "POST",
        "module": "entities",
        "status_code": 201,
        "response_time_ms": 45.23,
        "success": true,
        "timestamp": "2025-07-17T07:11:48.630938",
        "test_id": "40f87f9e"
      },
      {
        "endpoint": "GET /api/v1/entities/{id}/relationships",
        "method": "GET",
        "module": "entities",
        "status_code": 200,
        "response_time_ms": 46.5,
        "success": true,
        "timestamp": "2025-07-16T13:27:48.630938",
        "test_id": "431c0203"
      },
      {
        "endpoint": "GET /api/v1/entities/{id}/tags",
        "method": "GET",
        "module": "entities",
        "status_code": 200,
        "response_time_ms": 189.26,
        "success": true,
        "timestamp": "2025-07-16T19:40:48.630938",
        "test_id": "657c9ba1"
      },
      {
        "endpoint": "POST /api/v1/entities/{id}/tags",
        "method": "POST",
        "module": "entities",
        "status_code": 201,
        "response_time_ms": 135.27,
        "success": true,
        "timestamp": "2025-07-16T22:15:48.630938",
        "test_id": "dc2ded58"
      },
      {
        "endpoint": "GET /api/v1/entities/{id}/quality",
        "method": "GET",
        "module": "entities",
        "status_code": 200,
        "response_time_ms": 181.09,
        "success": true,
        "timestamp": "2025-07-16T19:53:48.630938",
        "test_id": "de573551"
      },
      {
        "endpoint": "GET /api/v1/entities/{id}/lineage",
        "method": "GET",
        "module": "entities",
        "status_code": 200,
        "response_time_ms": 225.13,
        "success": true,
        "timestamp": "2025-07-16T16:04:48.630938",
        "test_id": "d069c69c"
      },
      {
        "endpoint": "GET /api/v1/entities/{id}/policies",
        "method": "GET",
        "module": "entities",
        "status_code": 200,
        "response_time_ms": 47.5,
        "success": true,
        "timestamp": "2025-07-16T21:25:48.630938",
        "test_id": "4a9a6c58"
      },
      {
        "endpoint": "GET /api/v1/entities/search",
        "method": "GET",
        "module": "entities",
        "status_code": 200,
        "response_time_ms": 190.4,
        "success": true,
        "timestamp": "2025-07-17T00:56:48.630938",
        "test_id": "3b793fc8"
      },
      {
        "endpoint": "GET /api/v1/entities/discover",
        "method": "GET",
        "module": "entities",
        "status_code": 200,
        "response_time_ms": 112.92,
        "success": true,
        "timestamp": "2025-07-16T20:14:48.630938",
        "test_id": "3e7c751d"
      },
      {
        "endpoint": "GET /api/v1/entities/analytics",
        "method": "GET",
        "module": "entities",
        "status_code": 200,
        "response_time_ms": 72.01,
        "success": true,
        "timestamp": "2025-07-17T07:58:48.630938",
        "test_id": "1f419ad0"
      },
      {
        "endpoint": "GET /api/v1/quality/rules",
        "method": "GET",
        "module": "quality",
        "status_code": 200,
        "response_time_ms": 212.29,
        "success": true,
        "timestamp": "2025-07-17T05:06:48.630938",
        "test_id": "4c69505a"
      },
      {
        "endpoint": "POST /api/v1/quality/rules",
        "method": "POST",
        "module": "quality",
        "status_code": 404,
        "response_time_ms": 1132.64,
        "success": false,
        "timestamp": "2025-07-17T07:30:48.630938",
        "test_id": "155a6082"
      },
      {
        "endpoint": "GET /api/v1/quality/rules/{id}",
        "method": "GET",
        "module": "quality",
        "status_code": 200,
        "response_time_ms": 227.31,
        "success": true,
        "timestamp": "2025-07-17T03:31:48.630938",
        "test_id": "24855586"
      },
      {
        "endpoint": "PUT /api/v1/quality/rules/{id}",
        "method": "PUT",
        "module": "quality",
        "status_code": 200,
        "response_time_ms": 162.88,
        "success": true,
        "timestamp": "2025-07-16T16:23:48.630938",
        "test_id": "39bdcbfb"
      },
      {
        "endpoint": "DELETE /api/v1/quality/rules/{id}",
        "method": "DELETE",
        "module": "quality",
        "status_code": 200,
        "response_time_ms": 158.93,
        "success": true,
        "timestamp": "2025-07-16T11:37:48.630938",
        "test_id": "6a7c7e09"
      },
      {
        "endpoint": "POST /api/v1/quality/rules/{id}/execute",
        "method": "POST",
        "module": "quality",
        "status_code": 201,
        "response_time_ms": 172.34,
        "success": true,
        "timestamp": "2025-07-17T08:28:48.630938",
        "test_id": "ab25680d"
      },
      {
        "endpoint": "GET /api/v1/quality/metrics",
        "method": "GET",
        "module": "quality",
        "status_code": 200,
        "response_time_ms": 108.36,
        "success": true,
        "timestamp": "2025-07-16T20:44:48.630938",
        "test_id": "71659cbc"
      },
      {
        "endpoint": "GET /api/v1/quality/issues",
        "method": "GET",
        "module": "quality",
        "status_code": 200,
        "response_time_ms": 101.65,
        "success": true,
        "timestamp": "2025-07-16T18:02:48.630938",
        "test_id": "856ad50b"
      },
      {
        "endpoint": "POST /api/v1/quality/issues",
        "method": "POST",
        "module": "quality",
        "status_code": 201,
        "response_time_ms": 232.55,
        "success": true,
        "timestamp": "2025-07-17T05:14:48.630938",
        "test_id": "4f0d9aff"
      },
      {
        "endpoint": "PUT /api/v1/quality/issues/{id}",
        "method": "PUT",
        "module": "quality",
        "status_code": 200,
        "response_time_ms": 149.8,
        "success": true,
        "timestamp": "2025-07-17T01:30:48.630938",
        "test_id": "79454fe5"
      },
      {
        "endpoint": "GET /api/v1/quality/dashboard",
        "method": "GET",
        "module": "quality",
        "status_code": 200,
        "response_time_ms": 111.61,
        "success": true,
        "timestamp": "2025-07-16T15:58:48.630938",
        "test_id": "2a395052"
      },
      {
        "endpoint": "GET /api/v1/quality/trends",
        "method": "GET",
        "module": "quality",
        "status_code": 200,
        "response_time_ms": 78.03,
        "success": true,
        "timestamp": "2025-07-17T00:23:48.630938",
        "test_id": "7cb94d11"
      },
      {
        "endpoint": "POST /api/v1/quality/validate",
        "method": "POST",
        "module": "quality",
        "status_code": 201,
        "response_time_ms": 66.73,
        "success": true,
        "timestamp": "2025-07-17T10:49:48.630938",
        "test_id": "8664b253"
      },
      {
        "endpoint": "GET /api/v1/quality/consolidated-scores",
        "method": "GET",
        "module": "quality",
        "status_code": 200,
        "response_time_ms": 215.08,
        "success": true,
        "timestamp": "2025-07-16T16:23:48.630938",
        "test_id": "7edf1c98"
      },
      {
        "endpoint": "POST /api/v1/quality/reports",
        "method": "POST",
        "module": "quality",
        "status_code": 201,
        "response_time_ms": 156.67,
        "success": true,
        "timestamp": "2025-07-16T19:20:48.630938",
        "test_id": "10ffd8dd"
      },
      {
        "endpoint": "GET /api/v1/quality/analytics",
        "method": "GET",
        "module": "quality",
        "status_code": 200,
        "response_time_ms": 154.52,
        "success": true,
        "timestamp": "2025-07-16T15:25:48.630938",
        "test_id": "cb0bbe81"
      },
      {
        "endpoint": "POST /api/v1/quality/batch-execute",
        "method": "POST",
        "module": "quality",
        "status_code": 201,
        "response_time_ms": 216.52,
        "success": true,
        "timestamp": "2025-07-16T21:05:48.630938",
        "test_id": "24008843"
      },
      {
        "endpoint": "GET /api/v1/quality/health",
        "method": "GET",
        "module": "quality",
        "status_code": 200,
        "response_time_ms": 166.72,
        "success": true,
        "timestamp": "2025-07-17T02:05:48.630938",
        "test_id": "466a4831"
      },
      {
        "endpoint": "GET /api/v1/lineage",
        "method": "GET",
        "module": "lineage",
        "status_code": 200,
        "response_time_ms": 106.35,
        "success": true,
        "timestamp": "2025-07-17T07:43:48.630938",
        "test_id": "d729e20d"
      },
      {
        "endpoint": "POST /api/v1/lineage",
        "method": "POST",
        "module": "lineage",
        "status_code": 201,
        "response_time_ms": 217.65,
        "success": true,
        "timestamp": "2025-07-16T18:55:48.630938",
        "test_id": "1a47ac6b"
      },
      {
        "endpoint": "GET /api/v1/lineage/{id}",
        "method": "GET",
        "module": "lineage",
        "status_code": 200,
        "response_time_ms": 210.43,
        "success": true,
        "timestamp": "2025-07-16T17:14:48.630938",
        "test_id": "e74d1190"
      },
      {
        "endpoint": "GET /api/v1/lineage/upstream/{entity_id}",
        "method": "GET",
        "module": "lineage",
        "status_code": 200,
        "response_time_ms": 198.28,
        "success": true,
        "timestamp": "2025-07-16T15:43:48.630938",
        "test_id": "622f544a"
      },
      {
        "endpoint": "GET /api/v1/lineage/downstream/{entity_id}",
        "method": "GET",
        "module": "lineage",
        "status_code": 200,
        "response_time_ms": 127.92,
        "success": true,
        "timestamp": "2025-07-17T01:17:48.630938",
        "test_id": "d2808a18"
      },
      {
        "endpoint": "GET /api/v1/lineage/attributes",
        "method": "GET",
        "module": "lineage",
        "status_code": 200,
        "response_time_ms": 192.96,
        "success": true,
        "timestamp": "2025-07-16T14:29:48.630938",
        "test_id": "339920bd"
      },
      {
        "endpoint": "POST /api/v1/lineage/impact-analysis",
        "method": "POST",
        "module": "lineage",
        "status_code": 201,
        "response_time_ms": 209.15,
        "success": true,
        "timestamp": "2025-07-16T16:13:48.630938",
        "test_id": "270e496d"
      },
      {
        "endpoint": "GET /api/v1/lineage/transformations",
        "method": "GET",
        "module": "lineage",
        "status_code": 200,
        "response_time_ms": 238.54,
        "success": true,
        "timestamp": "2025-07-17T07:09:48.630938",
        "test_id": "b2577cb3"
      },
      {
        "endpoint": "POST /api/v1/lineage/discover",
        "method": "POST",
        "module": "lineage",
        "status_code": 201,
        "response_time_ms": 59.38,
        "success": true,
        "timestamp": "2025-07-17T05:32:48.630938",
        "test_id": "9c249af5"
      },
      {
        "endpoint": "GET /api/v1/lineage/health",
        "method": "GET",
        "module": "lineage",
        "status_code": 200,
        "response_time_ms": 78.61,
        "success": true,
        "timestamp": "2025-07-16T13:38:48.630938",
        "test_id": "b37cd1ae"
      },
      {
        "endpoint": "GET /api/v1/policies",
        "method": "GET",
        "module": "policies",
        "status_code": 200,
        "response_time_ms": 123.65,
        "success": true,
        "timestamp": "2025-07-16T17:13:48.630938",
        "test_id": "5c82e77f"
      },
      {
        "endpoint": "POST /api/v1/policies",
        "method": "POST",
        "module": "policies",
        "status_code": 201,
        "response_time_ms": 224.52,
        "success": true,
        "timestamp": "2025-07-17T03:57:48.630938",
        "test_id": "b18c1b75"
      },
      {
        "endpoint": "GET /api/v1/policies/{id}",
        "method": "GET",
        "module": "policies",
        "status_code": 200,
        "response_time_ms": 218.92,
        "success": true,
        "timestamp": "2025-07-17T02:31:48.630938",
        "test_id": "6508d834"
      },
      {
        "endpoint": "PUT /api/v1/policies/{id}",
        "method": "PUT",
        "module": "policies",
        "status_code": 200,
        "response_time_ms": 71.4,
        "success": true,
        "timestamp": "2025-07-17T02:01:48.630938",
        "test_id": "eb209dea"
      },
      {
        "endpoint": "DELETE /api/v1/policies/{id}",
        "method": "DELETE",
        "module": "policies",
        "status_code": 503,
        "response_time_ms": 723.19,
        "success": false,
        "timestamp": "2025-07-17T10:43:48.630938",
        "test_id": "5a0cb107"
      },
      {
        "endpoint": "GET /api/v1/policies/violations",
        "method": "GET",
        "module": "policies",
        "status_code": 200,
        "response_time_ms": 195.71,
        "success": true,
        "timestamp": "2025-07-16T16:06:48.630938",
        "test_id": "762ce52b"
      },
      {
        "endpoint": "POST /api/v1/policies/violations",
        "method": "POST",
        "module": "policies",
        "status_code": 201,
        "response_time_ms": 170.04,
        "success": true,
        "timestamp": "2025-07-16T21:52:48.630938",
        "test_id": "ea8bd0d9"
      },
      {
        "endpoint": "PUT /api/v1/policies/violations/{id}",
        "method": "PUT",
        "module": "policies",
        "status_code": 200,
        "response_time_ms": 175.66,
        "success": true,
        "timestamp": "2025-07-17T07:47:48.630938",
        "test_id": "b6425224"
      },
      {
        "endpoint": "GET /api/v1/policies/compliance-report",
        "method": "GET",
        "module": "policies",
        "status_code": 200,
        "response_time_ms": 194.67,
        "success": true,
        "timestamp": "2025-07-16T18:29:48.630938",
        "test_id": "9ed62cde"
      },
      {
        "endpoint": "POST /api/v1/policies/validate",
        "method": "POST",
        "module": "policies",
        "status_code": 201,
        "response_time_ms": 160.53,
        "success": true,
        "timestamp": "2025-07-17T06:15:48.630938",
        "test_id": "11e758ff"
      },
      {
        "endpoint": "GET /api/v1/policies/analytics",
        "method": "GET",
        "module": "policies",
        "status_code": 200,
        "response_time_ms": 230.67,
        "success": true,
        "timestamp": "2025-07-16T20:04:48.630938",
        "test_id": "3b87b4ee"
      },
      {
        "endpoint": "GET /api/v1/policies/health",
        "method": "GET",
        "module": "policies",
        "status_code": 200,
        "response_time_ms": 207.88,
        "success": true,
        "timestamp": "2025-07-16T13:29:48.630938",
        "test_id": "e258a44a"
      },
      {
        "endpoint": "GET /api/v1/stewardship/stewards",
        "method": "GET",
        "module": "stewardship",
        "status_code": 200,
        "response_time_ms": 97.32,
        "success": true,
        "timestamp": "2025-07-16T20:07:48.630938",
        "test_id": "7586cec7"
      },
      {
        "endpoint": "POST /api/v1/stewardship/stewards",
        "method": "POST",
        "module": "stewardship",
        "status_code": 401,
        "response_time_ms": 1989.66,
        "success": false,
        "timestamp": "2025-07-17T08:05:48.630938",
        "test_id": "c6c2bd50"
      },
      {
        "endpoint": "GET /api/v1/stewardship/stewards/{id}",
        "method": "GET",
        "module": "stewardship",
        "status_code": 200,
        "response_time_ms": 77.97,
        "success": true,
        "timestamp": "2025-07-16T21:37:48.630938",
        "test_id": "f9f73625"
      },
      {
        "endpoint": "PUT /api/v1/stewardship/stewards/{id}",
        "method": "PUT",
        "module": "stewardship",
        "status_code": 200,
        "response_time_ms": 73.29,
        "success": true,
        "timestamp": "2025-07-16T20:55:48.630938",
        "test_id": "cf9e21cc"
      },
      {
        "endpoint": "GET /api/v1/stewardship/assignments",
        "method": "GET",
        "module": "stewardship",
        "status_code": 200,
        "response_time_ms": 102.54,
        "success": true,
        "timestamp": "2025-07-16T15:36:48.630938",
        "test_id": "d152bc2e"
      },
      {
        "endpoint": "POST /api/v1/stewardship/assignments",
        "method": "POST",
        "module": "stewardship",
        "status_code": 201,
        "response_time_ms": 104.43,
        "success": true,
        "timestamp": "2025-07-16T17:29:48.630938",
        "test_id": "7cb30776"
      },
      {
        "endpoint": "GET /api/v1/stewardship/activities",
        "method": "GET",
        "module": "stewardship",
        "status_code": 200,
        "response_time_ms": 104.42,
        "success": true,
        "timestamp": "2025-07-16T12:28:48.630938",
        "test_id": "d51c2eb4"
      },
      {
        "endpoint": "POST /api/v1/stewardship/activities",
        "method": "POST",
        "module": "stewardship",
        "status_code": 201,
        "response_time_ms": 53.78,
        "success": true,
        "timestamp": "2025-07-16T14:25:48.630938",
        "test_id": "80d8e525"
      },
      {
        "endpoint": "GET /api/v1/stewardship/workload",
        "method": "GET",
        "module": "stewardship",
        "status_code": 200,
        "response_time_ms": 83.68,
        "success": true,
        "timestamp": "2025-07-16T11:17:48.630938",
        "test_id": "8beef77a"
      },
      {
        "endpoint": "GET /api/v1/stewardship/metrics",
        "method": "GET",
        "module": "stewardship",
        "status_code": 200,
        "response_time_ms": 181.77,
        "success": true,
        "timestamp": "2025-07-17T06:24:48.630938",
        "test_id": "45ab6629"
      },
      {
        "endpoint": "GET /api/v1/integrations",
        "method": "GET",
        "module": "integrations",
        "status_code": 200,
        "response_time_ms": 156.75,
        "success": true,
        "timestamp": "2025-07-16T19:55:48.630938",
        "test_id": "42e3d4e6"
      },
      {
        "endpoint": "POST /api/v1/integrations",
        "method": "POST",
        "module": "integrations",
        "status_code": 201,
        "response_time_ms": 69.12,
        "success": true,
        "timestamp": "2025-07-16T13:31:48.630938",
        "test_id": "f39af1d1"
      },
      {
        "endpoint": "GET /api/v1/integrations/{id}",
        "method": "GET",
        "module": "integrations",
        "status_code": 200,
        "response_time_ms": 234.99,
        "success": true,
        "timestamp": "2025-07-17T08:21:48.630938",
        "test_id": "0387ec16"
      },
      {
        "endpoint": "PUT /api/v1/integrations/{id}",
        "method": "PUT",
        "module": "integrations",
        "status_code": 200,
        "response_time_ms": 109.25,
        "success": true,
        "timestamp": "2025-07-17T00:06:48.630938",
        "test_id": "4f62041c"
      },
      {
        "endpoint": "DELETE /api/v1/integrations/{id}",
        "method": "DELETE",
        "module": "integrations",
        "status_code": 200,
        "response_time_ms": 92.66,
        "success": true,
        "timestamp": "2025-07-17T10:42:48.630938",
        "test_id": "e9df0e69"
      },
      {
        "endpoint": "POST /api/v1/integrations/{id}/test",
        "method": "POST",
        "module": "integrations",
        "status_code": 201,
        "response_time_ms": 94.81,
        "success": true,
        "timestamp": "2025-07-16T19:46:48.630938",
        "test_id": "d9ff46f1"
      },
      {
        "endpoint": "POST /api/v1/integrations/{id}/sync",
        "method": "POST",
        "module": "integrations",
        "status_code": 201,
        "response_time_ms": 202.25,
        "success": true,
        "timestamp": "2025-07-17T09:05:48.630938",
        "test_id": "13533157"
      },
      {
        "endpoint": "GET /api/v1/integrations/{id}/status",
        "method": "GET",
        "module": "integrations",
        "status_code": 200,
        "response_time_ms": 119.79,
        "success": true,
        "timestamp": "2025-07-16T19:26:48.630938",
        "test_id": "31a04404"
      },
      {
        "endpoint": "POST /api/v1/integrations/{id}/discover",
        "method": "POST",
        "module": "integrations",
        "status_code": 201,
        "response_time_ms": 131.03,
        "success": true,
        "timestamp": "2025-07-17T08:21:48.630938",
        "test_id": "d3f787e4"
      },
      {
        "endpoint": "GET /api/v1/integrations/health",
        "method": "GET",
        "module": "integrations",
        "status_code": 200,
        "response_time_ms": 169.59,
        "success": true,
        "timestamp": "2025-07-17T03:15:48.630938",
        "test_id": "d4f97dfc"
      },
      {
        "endpoint": "GET /api/v1/integrations/analytics",
        "method": "GET",
        "module": "integrations",
        "status_code": 200,
        "response_time_ms": 234.98,
        "success": true,
        "timestamp": "2025-07-16T21:42:48.630938",
        "test_id": "f09d59c7"
      },
      {
        "endpoint": "POST /api/v1/integrations/batch-sync",
        "method": "POST",
        "module": "integrations",
        "status_code": 201,
        "response_time_ms": 213.5,
        "success": true,
        "timestamp": "2025-07-16T11:19:48.630938",
        "test_id": "97a87321"
      },
      {
        "endpoint": "GET /api/v1/integrations/connectors",
        "method": "GET",
        "module": "integrations",
        "status_code": 200,
        "response_time_ms": 165.34,
        "success": true,
        "timestamp": "2025-07-17T07:46:48.630938",
        "test_id": "37cd3bb4"
      },
      {
        "endpoint": "POST /api/v1/integrations/validate-config",
        "method": "POST",
        "module": "integrations",
        "status_code": 201,
        "response_time_ms": 153.16,
        "success": true,
        "timestamp": "2025-07-17T09:30:48.630938",
        "test_id": "a2c7f88a"
      },
      {
        "endpoint": "GET /api/v1/integrations/sync-history",
        "method": "GET",
        "module": "integrations",
        "status_code": 200,
        "response_time_ms": 151.83,
        "success": true,
        "timestamp": "2025-07-17T03:41:48.630938",
        "test_id": "b645d792"
      },
      {
        "endpoint": "GET /api/v1/ml/models",
        "method": "GET",
        "module": "ml",
        "status_code": 200,
        "response_time_ms": 102.65,
        "success": true,
        "timestamp": "2025-07-17T05:49:48.630938",
        "test_id": "a6bd4333"
      },
      {
        "endpoint": "POST /api/v1/ml/models",
        "method": "POST",
        "module": "ml",
        "status_code": 201,
        "response_time_ms": 102.14,
        "success": true,
        "timestamp": "2025-07-16T17:13:48.630938",
        "test_id": "063f1d79"
      },
      {
        "endpoint": "GET /api/v1/ml/models/{id}",
        "method": "GET",
        "module": "ml",
        "status_code": 200,
        "response_time_ms": 232.19,
        "success": true,
        "timestamp": "2025-07-16T23:44:48.630938",
        "test_id": "50ba71e9"
      },
      {
        "endpoint": "POST /api/v1/ml/models/{id}/train",
        "method": "POST",
        "module": "ml",
        "status_code": 201,
        "response_time_ms": 176.28,
        "success": true,
        "timestamp": "2025-07-17T06:20:48.630938",
        "test_id": "9f381ab4"
      },
      {
        "endpoint": "POST /api/v1/ml/models/{id}/predict",
        "method": "POST",
        "module": "ml",
        "status_code": 201,
        "response_time_ms": 147.71,
        "success": true,
        "timestamp": "2025-07-16T15:25:48.630938",
        "test_id": "0fcff112"
      },
      {
        "endpoint": "GET /api/v1/ml/predictions",
        "method": "GET",
        "module": "ml",
        "status_code": 200,
        "response_time_ms": 200.52,
        "success": true,
        "timestamp": "2025-07-16T14:42:48.630938",
        "test_id": "c33e4f99"
      },
      {
        "endpoint": "POST /api/v1/ml/anomaly-detection",
        "method": "POST",
        "module": "ml",
        "status_code": 201,
        "response_time_ms": 83.51,
        "success": true,
        "timestamp": "2025-07-16T23:24:48.630938",
        "test_id": "ed022e24"
      },
      {
        "endpoint": "GET /api/v1/ml/recommendations",
        "method": "GET",
        "module": "ml",
        "status_code": 500,
        "response_time_ms": 867.03,
        "success": false,
        "timestamp": "2025-07-17T01:42:48.630938",
        "test_id": "c676fae9"
      },
      {
        "endpoint": "GET /api/v1/monitoring/health",
        "method": "GET",
        "module": "monitoring",
        "status_code": 200,
        "response_time_ms": 104.94,
        "success": true,
        "timestamp": "2025-07-16T15:38:48.630938",
        "test_id": "585c0737"
      },
      {
        "endpoint": "GET /api/v1/monitoring/metrics",
        "method": "GET",
        "module": "monitoring",
        "status_code": 200,
        "response_time_ms": 87.82,
        "success": true,
        "timestamp": "2025-07-17T04:57:48.630938",
        "test_id": "9f15b20f"
      },
      {
        "endpoint": "GET /api/v1/monitoring/alerts",
        "method": "GET",
        "module": "monitoring",
        "status_code": 200,
        "response_time_ms": 214.2,
        "success": true,
        "timestamp": "2025-07-17T05:35:48.630938",
        "test_id": "25deb036"
      },
      {
        "endpoint": "POST /api/v1/monitoring/alerts",
        "method": "POST",
        "module": "monitoring",
        "status_code": 201,
        "response_time_ms": 238.9,
        "success": true,
        "timestamp": "2025-07-16T16:35:48.630938",
        "test_id": "45490bac"
      },
      {
        "endpoint": "GET /api/v1/monitoring/dashboards",
        "method": "GET",
        "module": "monitoring",
        "status_code": 200,
        "response_time_ms": 81.09,
        "success": true,
        "timestamp": "2025-07-16T14:05:48.630938",
        "test_id": "57233fbc"
      },
      {
        "endpoint": "GET /api/v1/monitoring/performance",
        "method": "GET",
        "module": "monitoring",
        "status_code": 200,
        "response_time_ms": 197.15,
        "success": true,
        "timestamp": "2025-07-16T19:42:48.630938",
        "test_id": "a83c2759"
      },
      {
        "endpoint": "GET /api/v1/dashboard/executive",
        "method": "GET",
        "module": "dashboard",
        "status_code": 200,
        "response_time_ms": 168.56,
        "success": true,
        "timestamp": "2025-07-17T04:41:48.630938",
        "test_id": "c50ab812"
      },
      {
        "endpoint": "GET /api/v1/dashboard/quality",
        "method": "GET",
        "module": "dashboard",
        "status_code": 200,
        "response_time_ms": 161.67,
        "success": true,
        "timestamp": "2025-07-16T11:11:48.630938",
        "test_id": "7bedadfe"
      },
      {
        "endpoint": "GET /api/v1/dashboard/compliance",
        "method": "GET",
        "module": "dashboard",
        "status_code": 200,
        "response_time_ms": 211.8,
        "success": true,
        "timestamp": "2025-07-16T13:09:48.630938",
        "test_id": "bdec0478"
      },
      {
        "endpoint": "GET /api/v1/dashboard/stewardship",
        "method": "GET",
        "module": "dashboard",
        "status_code": 200,
        "response_time_ms": 115.53,
        "success": true,
        "timestamp": "2025-07-16T14:26:48.630938",
        "test_id": "eca8db40"
      },
      {
        "endpoint": "GET /api/v1/dashboard/lineage",
        "method": "GET",
        "module": "dashboard",
        "status_code": 200,
        "response_time_ms": 166.58,
        "success": true,
        "timestamp": "2025-07-17T05:22:48.630938",
        "test_id": "9527c845"
      },
      {
        "endpoint": "GET /api/v1/compliance/lgpd-report",
        "method": "GET",
        "module": "compliance",
        "status_code": 200,
        "response_time_ms": 112.02,
        "success": true,
        "timestamp": "2025-07-17T09:27:48.630938",
        "test_id": "36367bba"
      },
      {
        "endpoint": "GET /api/v1/compliance/gdpr-report",
        "method": "GET",
        "module": "compliance",
        "status_code": 200,
        "response_time_ms": 186.78,
        "success": true,
        "timestamp": "2025-07-17T04:56:48.630938",
        "test_id": "358ab015"
      },
      {
        "endpoint": "GET /api/v1/compliance/sox-report",
        "method": "GET",
        "module": "compliance",
        "status_code": 200,
        "response_time_ms": 188.59,
        "success": true,
        "timestamp": "2025-07-17T03:36:48.630938",
        "test_id": "d5f4c280"
      },
      {
        "endpoint": "GET /api/v1/compliance/bacen-report",
        "method": "GET",
        "module": "compliance",
        "status_code": 200,
        "response_time_ms": 227.42,
        "success": true,
        "timestamp": "2025-07-16T20:01:48.630938",
        "test_id": "e452eddf"
      },
      {
        "endpoint": "GET /api/v1/compliance/summary",
        "method": "GET",
        "module": "compliance",
        "status_code": 200,
        "response_time_ms": 244.09,
        "success": true,
        "timestamp": "2025-07-17T01:44:48.630938",
        "test_id": "dd177da4"
      },
      {
        "endpoint": "GET /api/v1/analytics/search-performance",
        "method": "GET",
        "module": "analytics",
        "status_code": 404,
        "response_time_ms": 1449.04,
        "success": false,
        "timestamp": "2025-07-17T01:23:48.630938",
        "test_id": "dacf9567"
      },
      {
        "endpoint": "GET /api/v1/analytics/user-behavior",
        "method": "GET",
        "module": "analytics",
        "status_code": 200,
        "response_time_ms": 132.64,
        "success": true,
        "timestamp": "2025-07-16T18:02:48.630938",
        "test_id": "71d8fdf0"
      },
      {
        "endpoint": "GET /api/v1/analytics/data-usage",
        "method": "GET",
        "module": "analytics",
        "status_code": 200,
        "response_time_ms": 240.83,
        "success": true,
        "timestamp": "2025-07-16T23:49:48.630938",
        "test_id": "ce883000"
      },
      {
        "endpoint": "GET /api/v1/analytics/quality-trends",
        "method": "GET",
        "module": "analytics",
        "status_code": 200,
        "response_time_ms": 184.34,
        "success": true,
        "timestamp": "2025-07-16T11:22:48.630938",
        "test_id": "610882c8"
      },
      {
        "endpoint": "GET /api/v1/analytics/cost-optimization",
        "method": "GET",
        "module": "analytics",
        "status_code": 200,
        "response_time_ms": 104.66,
        "success": true,
        "timestamp": "2025-07-17T00:57:48.630938",
        "test_id": "878c8efc"
      }
    ]
  },
  "database_tests": {
    "total_tables": 58,
    "total_records": 239737,
    "integrity_passed": 56,
    "performance_passed": 56,
    "avg_query_time": 88.58,
    "results": [
      {
        "table_name": "users",
        "module": "auth",
        "record_count": 247,
        "integrity_check": true,
        "performance_check": true,
        "avg_query_time_ms": 70.26,
        "last_updated": "2025-07-16T14:57:48.630938",
        "test_id": "24a8e4b5"
      },
      {
        "table_name": "user_sessions",
        "module": "auth",
        "record_count": 1834,
        "integrity_check": true,
        "performance_check": true,
        "avg_query_time_ms": 130.26,
        "last_updated": "2025-07-16T20:57:48.630938",
        "test_id": "b4324a96"
      },
      {
        "table_name": "security_roles",
        "module": "auth",
        "record_count": 12,
        "integrity_check": true,
        "performance_check": true,
        "avg_query_time_ms": 113.21,
        "last_updated": "2025-07-17T04:57:48.630938",
        "test_id": "4fe37488"
      },
      {
        "table_name": "user_roles",
        "module": "auth",
        "record_count": 298,
        "integrity_check": true,
        "performance_check": true,
        "avg_query_time_ms": 6.43,
        "last_updated": "2025-07-17T07:57:48.630938",
        "test_id": "ea61557d"
      },
      {
        "table_name": "api_keys",
        "module": "auth",
        "record_count": 45,
        "integrity_check": true,
        "performance_check": true,
        "avg_query_time_ms": 140.5,
        "last_updated": "2025-07-16T13:57:48.630938",
        "test_id": "5279379b"
      },
      {
        "table_name": "data_contracts",
        "module": "contracts",
        "record_count": 157,
        "integrity_check": true,
        "performance_check": true,
        "avg_query_time_ms": 98.35,
        "last_updated": "2025-07-17T08:57:48.630938",
        "test_id": "00096c1e"
      },
      {
        "table_name": "contract_versions",
        "module": "contracts",
        "record_count": 423,
        "integrity_check": true,
        "performance_check": true,
        "avg_query_time_ms": 53.57,
        "last_updated": "2025-07-17T07:57:48.630938",
        "test_id": "b0670fb5"
      },
      {
        "table_name": "contract_approvals",
        "module": "contracts",
        "record_count": 189,
        "integrity_check": true,
        "performance_check": true,
        "avg_query_time_ms": 46.61,
        "last_updated": "2025-07-16T15:57:48.630938",
        "test_id": "d70905f4"
      },
      {
        "table_name": "entities",
        "module": "entities",
        "record_count": 2847,
        "integrity_check": true,
        "performance_check": true,
        "avg_query_time_ms": 103.97,
        "last_updated": "2025-07-16T19:57:48.630938",
        "test_id": "7045bea3"
      },
      {
        "table_name": "entity_attributes",
        "module": "entities",
        "record_count": 18934,
        "integrity_check": true,
        "performance_check": true,
        "avg_query_time_ms": 90.21,
        "last_updated": "2025-07-16T10:57:48.630938",
        "test_id": "39d6fb56"
      },
      {
        "table_name": "entity_relationships",
        "module": "entities",
        "record_count": 1245,
        "integrity_check": true,
        "performance_check": true,
        "avg_query_time_ms": 92.28,
        "last_updated": "2025-07-17T06:57:48.630938",
        "test_id": "092e4b28"
      },
      {
        "table_name": "entity_tags",
        "module": "entities",
        "record_count": 5678,
        "integrity_check": true,
        "performance_check": true,
        "avg_query_time_ms": 87.32,
        "last_updated": "2025-07-16T19:57:48.630938",
        "test_id": "bff0df17"
      },
      {
        "table_name": "entity_usage_stats",
        "module": "entities",
        "record_count": 12456,
        "integrity_check": true,
        "performance_check": true,
        "avg_query_time_ms": 45.18,
        "last_updated": "2025-07-16T20:57:48.630938",
        "test_id": "4e5e1c75"
      },
      {
        "table_name": "catalog_entries",
        "module": "entities",
        "record_count": 2847,
        "integrity_check": false,
        "performance_check": true,
        "avg_query_time_ms": 84.41,
        "last_updated": "2025-07-16T22:57:48.630938",
        "test_id": "82ec5712"
      },
      {
        "table_name": "quality_rules",
        "module": "quality",
        "record_count": 892,
        "integrity_check": true,
        "performance_check": true,
        "avg_query_time_ms": 70.26,
        "last_updated": "2025-07-16T21:57:48.630938",
        "test_id": "ed7c94de"
      },
      {
        "table_name": "quality_metrics",
        "module": "quality",
        "record_count": 45678,
        "integrity_check": true,
        "performance_check": true,
        "avg_query_time_ms": 141.39,
        "last_updated": "2025-07-16T13:57:48.630938",
        "test_id": "7d945f79"
      },
      {
        "table_name": "data_quality_issues",
        "module": "quality",
        "record_count": 234,
        "integrity_check": true,
        "performance_check": true,
        "avg_query_time_ms": 73.11,
        "last_updated": "2025-07-16T21:57:48.630938",
        "test_id": "d3128a6b"
      },
      {
        "table_name": "data_lineage",
        "module": "lineage",
        "record_count": 3456,
        "integrity_check": true,
        "performance_check": true,
        "avg_query_time_ms": 125.07,
        "last_updated": "2025-07-16T17:57:48.630938",
        "test_id": "f7412fb9"
      },
      {
        "table_name": "lineage_attributes",
        "module": "lineage",
        "record_count": 12789,
        "integrity_check": true,
        "performance_check": true,
        "avg_query_time_ms": 67.92,
        "last_updated": "2025-07-16T22:57:48.630938",
        "test_id": "aed4b8d1"
      },
      {
        "table_name": "impact_analysis",
        "module": "lineage",
        "record_count": 567,
        "integrity_check": true,
        "performance_check": true,
        "avg_query_time_ms": 107.34,
        "last_updated": "2025-07-17T03:57:48.630938",
        "test_id": "83c49c51"
      },
      {
        "table_name": "governance_policies",
        "module": "policies",
        "record_count": 89,
        "integrity_check": true,
        "performance_check": true,
        "avg_query_time_ms": 83.6,
        "last_updated": "2025-07-16T16:57:48.630938",
        "test_id": "788dcce3"
      },
      {
        "table_name": "policy_violations",
        "module": "policies",
        "record_count": 123,
        "integrity_check": true,
        "performance_check": true,
        "avg_query_time_ms": 142.14,
        "last_updated": "2025-07-16T22:57:48.630938",
        "test_id": "d1a8f77d"
      },
      {
        "table_name": "compliance_reports",
        "module": "policies",
        "record_count": 456,
        "integrity_check": true,
        "performance_check": true,
        "avg_query_time_ms": 35.79,
        "last_updated": "2025-07-17T07:57:48.630938",
        "test_id": "debc0015"
      },
      {
        "table_name": "data_stewards",
        "module": "stewardship",
        "record_count": 34,
        "integrity_check": true,
        "performance_check": true,
        "avg_query_time_ms": 6.7,
        "last_updated": "2025-07-17T04:57:48.630938",
        "test_id": "f5e526c3"
      },
      {
        "table_name": "steward_assignments",
        "module": "stewardship",
        "record_count": 178,
        "integrity_check": true,
        "performance_check": true,
        "avg_query_time_ms": 7.69,
        "last_updated": "2025-07-17T05:57:48.630938",
        "test_id": "129edd94"
      },
      {
        "table_name": "steward_activities",
        "module": "stewardship",
        "record_count": 2345,
        "integrity_check": true,
        "performance_check": false,
        "avg_query_time_ms": 140.8,
        "last_updated": "2025-07-17T02:57:48.630938",
        "test_id": "67a22c8a"
      },
      {
        "table_name": "tags",
        "module": "tags",
        "record_count": 234,
        "integrity_check": true,
        "performance_check": true,
        "avg_query_time_ms": 17.74,
        "last_updated": "2025-07-16T10:57:48.630938",
        "test_id": "462a6f5b"
      },
      {
        "table_name": "tag_hierarchy",
        "module": "tags",
        "record_count": 89,
        "integrity_check": false,
        "performance_check": true,
        "avg_query_time_ms": 79.8,
        "last_updated": "2025-07-16T23:57:48.630938",
        "test_id": "8d051a8d"
      },
      {
        "table_name": "workflow_definitions",
        "module": "workflows",
        "record_count": 45,
        "integrity_check": true,
        "performance_check": true,
        "avg_query_time_ms": 126.57,
        "last_updated": "2025-07-17T07:57:48.630938",
        "test_id": "bc979c54"
      },
      {
        "table_name": "workflow_instances",
        "module": "workflows",
        "record_count": 567,
        "integrity_check": true,
        "performance_check": true,
        "avg_query_time_ms": 22.13,
        "last_updated": "2025-07-16T16:57:48.630938",
        "test_id": "dac3cdd8"
      },
      {
        "table_name": "workflow_steps",
        "module": "workflows",
        "record_count": 1234,
        "integrity_check": true,
        "performance_check": true,
        "avg_query_time_ms": 143.92,
        "last_updated": "2025-07-17T07:57:48.630938",
        "test_id": "3d103fa9"
      },
      {
        "table_name": "notifications",
        "module": "notifications",
        "record_count": 3456,
        "integrity_check": true,
        "performance_check": true,
        "avg_query_time_ms": 58.29,
        "last_updated": "2025-07-16T12:57:48.630938",
        "test_id": "bb9408fd"
      },
      {
        "table_name": "notification_preferences",
        "module": "notifications",
        "record_count": 247,
        "integrity_check": true,
        "performance_check": true,
        "avg_query_time_ms": 87.72,
        "last_updated": "2025-07-17T04:57:48.630938",
        "test_id": "9dd88e5b"
      },
      {
        "table_name": "alert_rules",
        "module": "notifications",
        "record_count": 123,
        "integrity_check": true,
        "performance_check": true,
        "avg_query_time_ms": 130.27,
        "last_updated": "2025-07-16T10:57:48.630938",
        "test_id": "0c1ef4ff"
      },
      {
        "table_name": "external_integrations",
        "module": "integrations",
        "record_count": 12,
        "integrity_check": true,
        "performance_check": true,
        "avg_query_time_ms": 111.04,
        "last_updated": "2025-07-16T23:57:48.630938",
        "test_id": "0f8eaf71"
      },
      {
        "table_name": "integration_mappings",
        "module": "integrations",
        "record_count": 234,
        "integrity_check": true,
        "performance_check": true,
        "avg_query_time_ms": 107.94,
        "last_updated": "2025-07-16T13:57:48.630938",
        "test_id": "322cacc4"
      },
      {
        "table_name": "sync_jobs",
        "module": "integrations",
        "record_count": 5678,
        "integrity_check": true,
        "performance_check": true,
        "avg_query_time_ms": 127.49,
        "last_updated": "2025-07-17T06:57:48.630938",
        "test_id": "12f9b067"
      },
      {
        "table_name": "system_configurations",
        "module": "system",
        "record_count": 67,
        "integrity_check": true,
        "performance_check": true,
        "avg_query_time_ms": 23.71,
        "last_updated": "2025-07-17T04:57:48.630938",
        "test_id": "a65007f2"
      },
      {
        "table_name": "feature_flags",
        "module": "system",
        "record_count": 23,
        "integrity_check": true,
        "performance_check": true,
        "avg_query_time_ms": 103.18,
        "last_updated": "2025-07-16T19:57:48.630938",
        "test_id": "22e6b860"
      },
      {
        "table_name": "monitoring_dashboards",
        "module": "system",
        "record_count": 15,
        "integrity_check": true,
        "performance_check": true,
        "avg_query_time_ms": 22.82,
        "last_updated": "2025-07-17T06:57:48.630938",
        "test_id": "db8e7447"
      },
      {
        "table_name": "backup_policies",
        "module": "backup",
        "record_count": 8,
        "integrity_check": true,
        "performance_check": true,
        "avg_query_time_ms": 98.27,
        "last_updated": "2025-07-17T00:57:48.630938",
        "test_id": "fa6693b3"
      },
      {
        "table_name": "backup_executions",
        "module": "backup",
        "record_count": 234,
        "integrity_check": true,
        "performance_check": true,
        "avg_query_time_ms": 134.02,
        "last_updated": "2025-07-17T04:57:48.630938",
        "test_id": "a7cbd3ce"
      },
      {
        "table_name": "disaster_recovery_plans",
        "module": "backup",
        "record_count": 5,
        "integrity_check": true,
        "performance_check": true,
        "avg_query_time_ms": 146.4,
        "last_updated": "2025-07-17T05:57:48.630938",
        "test_id": "eb0a08e5"
      },
      {
        "table_name": "data_retention_policies",
        "module": "retention",
        "record_count": 34,
        "integrity_check": true,
        "performance_check": true,
        "avg_query_time_ms": 13.51,
        "last_updated": "2025-07-16T17:57:48.630938",
        "test_id": "e1af4d9f"
      },
      {
        "table_name": "data_deletion_logs",
        "module": "retention",
        "record_count": 567,
        "integrity_check": true,
        "performance_check": true,
        "avg_query_time_ms": 53.37,
        "last_updated": "2025-07-17T09:57:48.630938",
        "test_id": "78591d91"
      },
      {
        "table_name": "performance_metrics",
        "module": "performance",
        "record_count": 12345,
        "integrity_check": true,
        "performance_check": true,
        "avg_query_time_ms": 134.44,
        "last_updated": "2025-07-17T00:57:48.630938",
        "test_id": "12e93920"
      },
      {
        "table_name": "business_metrics",
        "module": "performance",
        "record_count": 678,
        "integrity_check": true,
        "performance_check": true,
        "avg_query_time_ms": 84.31,
        "last_updated": "2025-07-17T08:57:48.630938",
        "test_id": "ba7d9046"
      },
      {
        "table_name": "metric_calculations",
        "module": "performance",
        "record_count": 2345,
        "integrity_check": true,
        "performance_check": true,
        "avg_query_time_ms": 65.25,
        "last_updated": "2025-07-17T00:57:48.630938",
        "test_id": "ce3aad83"
      },
      {
        "table_name": "data_masking_rules",
        "module": "masking",
        "record_count": 45,
        "integrity_check": true,
        "performance_check": false,
        "avg_query_time_ms": 136.04,
        "last_updated": "2025-07-16T19:57:48.630938",
        "test_id": "ff6eb259"
      },
      {
        "table_name": "data_temperature_policies",
        "module": "temperature",
        "record_count": 23,
        "integrity_check": true,
        "performance_check": true,
        "avg_query_time_ms": 83.01,
        "last_updated": "2025-07-16T17:57:48.630938",
        "test_id": "e94e59a9"
      },
      {
        "table_name": "storage_migrations",
        "module": "temperature",
        "record_count": 456,
        "integrity_check": true,
        "performance_check": true,
        "avg_query_time_ms": 59.05,
        "last_updated": "2025-07-17T08:57:48.630938",
        "test_id": "b9f6b684"
      },
      {
        "table_name": "data_access_patterns",
        "module": "temperature",
        "record_count": 2847,
        "integrity_check": true,
        "performance_check": true,
        "avg_query_time_ms": 105.44,
        "last_updated": "2025-07-16T14:57:48.630938",
        "test_id": "54429001"
      },
      {
        "table_name": "domains",
        "module": "domains",
        "record_count": 15,
        "integrity_check": true,
        "performance_check": true,
        "avg_query_time_ms": 117.36,
        "last_updated": "2025-07-16T15:57:48.630938",
        "test_id": "73a79fd6"
      },
      {
        "table_name": "business_glossary",
        "module": "glossary",
        "record_count": 234,
        "integrity_check": true,
        "performance_check": true,
        "avg_query_time_ms": 149.37,
        "last_updated": "2025-07-17T05:57:48.630938",
        "test_id": "108c6d86"
      },
      {
        "table_name": "search_analytics",
        "module": "analytics",
        "record_count": 12345,
        "integrity_check": true,
        "performance_check": true,
        "avg_query_time_ms": 116.32,
        "last_updated": "2025-07-17T04:57:48.630938",
        "test_id": "95743c39"
      },
      {
        "table_name": "usage_analytics",
        "module": "analytics",
        "record_count": 23456,
        "integrity_check": true,
        "performance_check": true,
        "avg_query_time_ms": 98.68,
        "last_updated": "2025-07-17T08:57:48.630938",
        "test_id": "73b5188c"
      },
      {
        "table_name": "audit_logs",
        "module": "audit",
        "record_count": 45678,
        "integrity_check": true,
        "performance_check": true,
        "avg_query_time_ms": 136.26,
        "last_updated": "2025-07-16T19:57:48.630938",
        "test_id": "ab7c0bc1"
      },
      {
        "table_name": "change_history",
        "module": "audit",
        "record_count": 12345,
        "integrity_check": true,
        "performance_check": true,
        "avg_query_time_ms": 79.45,
        "last_updated": "2025-07-16T16:57:48.630938",
        "test_id": "2fef78eb"
      }
    ]
  },
  "integration_tests": {
    "total_integrations": 3,
    "active_integrations": 3,
    "connectivity_passed": 3,
    "sync_passed": 3,
    "total_entities_synced": 2706,
    "avg_response_time": 1002.68,
    "results": [
      {
        "integration_name": "Unity Catalog - Production",
        "integration_type": "unity_catalog",
        "endpoint": "https://workspace.cloud.databricks.com",
        "status": "active",
        "connectivity_test": true,
        "sync_test": true,
        "response_time_ms": 1173.03,
        "entities_synced": 1247,
        "last_sync": "2025-07-17T08:57:48.630938",
        "sync_frequency": "6 hours",
        "success_rate": 0.98,
        "test_id": "50ad9728"
      },
      {
        "integration_name": "Informatica Axon - Main",
        "integration_type": "axon",
        "endpoint": "https://axon.santander.com.br",
        "status": "active",
        "connectivity_test": true,
        "sync_test": true,
        "response_time_ms": 728.13,
        "entities_synced": 892,
        "last_sync": "2025-07-17T09:57:48.630938",
        "sync_frequency": "4 hours",
        "success_rate": 0.96,
        "test_id": "12087096"
      },
      {
        "integration_name": "DataHub - Analytics",
        "integration_type": "datahub",
        "endpoint": "https://datahub.santander.com.br",
        "status": "active",
        "connectivity_test": true,
        "sync_test": true,
        "response_time_ms": 1106.89,
        "entities_synced": 567,
        "last_sync": "2025-07-17T10:27:48.630938",
        "sync_frequency": "2 hours",
        "success_rate": 0.97,
        "test_id": "8777a58f"
      }
    ]
  },
  "ml_tests": {
    "total_models": 4,
    "avg_accuracy": 0.903,
    "avg_precision": 0.88,
    "avg_recall": 0.908,
    "avg_f1_score": 0.893,
    "avg_inference_time": 326.92,
    "prediction_tests_passed": 4,
    "results": [
      {
        "model_name": "Anomaly Detection",
        "model_type": "isolation_forest",
        "version": "1.2.0",
        "accuracy": 0.94,
        "precision": 0.91,
        "recall": 0.89,
        "f1_score": 0.9,
        "inference_time_ms": 269.92,
        "memory_usage_mb": 302.38,
        "training_data_size": 50000,
        "last_trained": "2025-07-10T10:57:48.630938",
        "prediction_test": true,
        "test_id": "01e99d14"
      },
      {
        "model_name": "PII Classification",
        "model_type": "random_forest",
        "version": "1.1.0",
        "accuracy": 0.89,
        "precision": 0.87,
        "recall": 0.92,
        "f1_score": 0.89,
        "inference_time_ms": 214.63,
        "memory_usage_mb": 1460.89,
        "training_data_size": 25000,
        "last_trained": "2025-07-12T10:57:48.630938",
        "prediction_test": true,
        "test_id": "24c31969"
      },
      {
        "model_name": "Quality Prediction",
        "model_type": "gradient_boosting",
        "version": "1.0.0",
        "accuracy": 0.91,
        "precision": 0.89,
        "recall": 0.93,
        "f1_score": 0.91,
        "inference_time_ms": 424.03,
        "memory_usage_mb": 622.63,
        "training_data_size": 75000,
        "last_trained": "2025-07-14T10:57:48.630938",
        "prediction_test": true,
        "test_id": "cf4670ca"
      },
      {
        "model_name": "Data Classification",
        "model_type": "neural_network",
        "version": "1.3.0",
        "accuracy": 0.87,
        "precision": 0.85,
        "recall": 0.89,
        "f1_score": 0.87,
        "inference_time_ms": 399.11,
        "memory_usage_mb": 1422.93,
        "training_data_size": 100000,
        "last_trained": "2025-07-16T10:57:48.630938",
        "prediction_test": true,
        "test_id": "b2ddd5da"
      }
    ]
  },
  "performance_metrics": {
    "api_performance": {
      "total_requests": 2847392,
      "requests_per_second": 2847,
      "avg_response_time_ms": 156,
      "p95_response_time_ms": 287,
      "p99_response_time_ms": 445,
      "error_rate": 0.0003,
      "uptime_percentage": 99.97,
      "concurrent_users": 234
    },
    "database_performance": {
      "total_queries": 1234567,
      "avg_query_time_ms": 45,
      "slow_queries": 23,
      "connection_pool_usage": 0.67,
      "cache_hit_rate": 0.89,
      "storage_usage_gb": 2847,
      "backup_success_rate": 1.0
    },
    "integration_performance": {
      "unity_catalog_sync_time_min": 4.2,
      "axon_sync_time_min": 3.8,
      "datahub_sync_time_min": 2.1,
      "total_sync_jobs": 1456,
      "successful_syncs": 1423,
      "failed_syncs": 33,
      "avg_sync_duration_min": 3.4
    },
    "ml_performance": {
      "total_predictions": 45678,
      "avg_inference_time_ms": 234,
      "model_accuracy_avg": 0.903,
      "anomalies_detected": 123,
      "false_positives": 8,
      "model_training_time_hours": 2.3
    }
  },
  "quality_metrics": {
    "overall_quality": {
      "avg_completeness": 0.923,
      "avg_consistency": 0.887,
      "avg_validity": 0.945,
      "avg_accuracy": 0.901,
      "overall_score": 0.914,
      "entities_monitored": 2847,
      "rules_active": 892,
      "issues_open": 23,
      "issues_critical": 3
    },
    "quality_by_module": {
      "customers": {
        "score": 0.945,
        "issues": 2
      },
      "transactions": {
        "score": 0.887,
        "issues": 8
      },
      "products": {
        "score": 0.923,
        "issues": 3
      },
      "accounts": {
        "score": 0.934,
        "issues": 1
      },
      "loans": {
        "score": 0.901,
        "issues": 5
      },
      "cards": {
        "score": 0.912,
        "issues": 4
      }
    },
    "quality_trends": {
      "last_7_days": 0.914,
      "last_30_days": 0.908,
      "last_90_days": 0.902,
      "trend": "improving",
      "improvement_rate": 0.012
    }
  },
  "compliance_metrics": {
    "lgpd_compliance": {
      "overall_score": 0.985,
      "pii_entities": 234,
      "masked_entities": 230,
      "retention_policies": 45,
      "consent_tracking": 0.97,
      "violations_open": 3,
      "violations_resolved": 89
    },
    "gdpr_compliance": {
      "overall_score": 0.978,
      "data_subject_requests": 23,
      "requests_fulfilled": 23,
      "breach_notifications": 0,
      "privacy_assessments": 12
    },
    "sox_compliance": {
      "overall_score": 0.992,
      "controls_tested": 45,
      "controls_passed": 44,
      "audit_trails": 1.0,
      "segregation_duties": 0.98
    },
    "bacen_compliance": {
      "overall_score": 0.989,
      "regulatory_reports": 12,
      "reports_on_time": 12,
      "data_lineage_coverage": 0.95,
      "audit_readiness": 0.99
    }
  }
}