{
  "cluster_name": "dados-cadastrais-3workers-optimized",
  "spark_version": "11.3.x-scala2.12",
  "node_type_id": "Standard_D64s_v3",
  "driver_node_type_id": "Standard_D32s_v3",
  "num_workers": 3,
  "autoscale": {
    "min_workers": 2,
    "max_workers": 3
  },
  "spark_conf": {
    "spark.executor.memory": "200g",
    "spark.executor.cores": "16",
    "spark.executor.memoryFraction": "0.85",
    "spark.executor.memoryStorageFraction": "0.4",
    "spark.driver.memory": "100g",
    "spark.driver.cores": "16",
    "spark.driver.maxResultSize": "8g",
    "spark.sql.adaptive.enabled": "true",
    "spark.sql.adaptive.coalescePartitions.enabled": "true",
    "spark.sql.adaptive.skewJoin.enabled": "true",
    "spark.sql.adaptive.localShuffleReader.enabled": "true",
    "spark.sql.adaptive.advisoryPartitionSizeInBytes": "512MB",
    "spark.sql.adaptive.coalescePartitions.minPartitionNum": "48",
    "spark.sql.adaptive.coalescePartitions.maxPartitionNum": "96",
    "spark.sql.adaptive.skewJoin.skewedPartitionThresholdInBytes": "1GB",
    "spark.sql.adaptive.skewJoin.skewedPartitionFactor": "3",
    "spark.sql.shuffle.partitions": "48",
    "spark.sql.autoBroadcastJoinThreshold": "500MB",
    "spark.sql.broadcastTimeout": "60000",
    "spark.serializer": "org.apache.spark.serializer.KryoSerializer",
    "spark.kryo.unsafe": "true",
    "spark.kryoserializer.buffer.max": "2048m",
    "spark.sql.execution.arrow.pyspark.enabled": "true",
    "spark.sql.execution.arrow.maxRecordsPerBatch": "50000",
    "spark.sql.execution.arrow.pyspark.fallback.enabled": "true",
    "spark.databricks.delta.optimizeWrite.enabled": "true",
    "spark.databricks.delta.autoCompact.enabled": "true",
    "spark.databricks.delta.retentionDurationCheck.enabled": "false",
    "spark.databricks.io.cache.enabled": "true",
    "spark.databricks.io.cache.maxDiskUsage": "500g",
    "spark.databricks.io.cache.maxMetaDataCache": "8g",
    "spark.network.timeout": "1200s",
    "spark.sql.adaptive.shuffle.targetPostShuffleInputSize": "512MB",
    "spark.sql.files.maxPartitionBytes": "1GB",
    "spark.sql.files.openCostInBytes": "8388608",
    "spark.default.parallelism": "48",
    "spark.sql.adaptive.maxShuffledHashJoinLocalMapThreshold": "1GB",
    "spark.sql.adaptive.optimizeSkewsInRebalancePartitions.enabled": "true",
    "spark.sql.adaptive.forceOptimizeSkewedJoin": "true"
  },
  "azure_attributes": {
    "availability": "ON_DEMAND_AZURE",
    "first_on_demand": 3,
    "spot_bid_max_price": -1
  },
  "enable_elastic_disk": true,
  "disk_spec": {
    "disk_type": {
      "azure_disk_volume_type": "PREMIUM_LRS"
    },
    "disk_size": 1024
  },
  "init_scripts": [],
  "enable_local_disk_encryption": true,
  "autotermination_minutes": 60,
  "ssh_public_keys": [],
  "custom_tags": {
    "Environment": "Production",
    "Project": "DadosCadastrais",
    "Owner": "DataEngineering",
    "CostCenter": "IT-DataPlatform",
    "DataVolume": "1TB",
    "OptimizationLevel": "MaxWorkers3",
    "ResourceConstraint": "Limited"
  },
  "cluster_log_conf": {
    "dbfs": {
      "destination": "dbfs:/cluster-logs/dados-cadastrais-3workers"
    }
  },
  "spark_env_vars": {
    "PYSPARK_PYTHON": "/databricks/python3/bin/python3",
    "JAVA_HOME": "/usr/lib/jvm/java-8-openjdk-amd64"
  },
  "data_security_mode": "SINGLE_USER"
}

