{
  "status": "healthy",
  "timestamp": "2025-07-17T21:30:59.240437",
  "version": "1.5.0",
  "python_version": "3.11.0",
  "platform": "linux",
  "author": "Carlos Morais",
  "email": "carlos.morais@f1rst.com.br",
  "organization": "F1rst",
  "imports": {
    "modules_loaded": [],
    "modules_failed": [
      "LoggingMiddleware: No module named 'api.middleware.logging_middleware.LoggingMiddleware'; 'api.middleware.logging_middleware' is not a package",
      "ErrorHandlingMiddleware: No module named 'api.middleware.error_middleware.ErrorHandlingMiddleware'; 'api.middleware.error_middleware' is not a package",
      "setup_exception_handlers: No module named 'api.middleware.error_middleware.setup_exception_handlers'; 'api.middleware.error_middleware' is not a package"
    ],
    "controllers_loaded": [
      "contracts",
      "entities",
      "quality",
      "auth",
      "audit",
      "rate_limiting",
      "system",
      "metrics",
      "lineage",
      "policies",
      "stewardship",
      "tags",
      "analytics",
      "discovery",
      "workflows",
      "notifications",
      "integrations",
      "security",
      "performance"
    ],
    "controllers_failed": [
      "domains: No module named 'domain.entities.domain'; 'domain.entities' is not a package"
    ],
    "total_modules_loaded": 0,
    "total_controllers_loaded": 19,
    "total_modules_failed": 3,
    "total_controllers_failed": 1,
    "success_rate_modules": 0.0,
    "success_rate_controllers": 0.95
  },
  "middleware": {
    "error_handling": false,
    "logging": false,
    "exception_handlers": false,
    "cors": true
  }
}