{
  "program_name": "SISTEMA-LH",
  "timestamp": "2025-09-29T14:45:43.173703",
  "provider": "enhanced_mock",
  "model": "amazon-nova-pro-v1",
  "success": true,
  "tokens_used": 2158,
  "response_time": 0.5098531246185303,
  "content": "## Análise Técnica Detalhada\n\n### Estrutura do Programa SISTEMA-LH\n\n#### Informações Básicas\n- **Linhas de código**: 514\n- **Tamanho estimado**: 19944 caracteres\n- **Divisões identificadas**: 3\n- **Seções encontradas**: 2\n\n#### Estruturas COBOL Identificadas\n\n**Divisões Principais:**\n- IDENTIFICATION DIVISION.\n- ENVIRONMENT DIVISION.\n- DATA DIVISION.\n\n**Seções de Código:**\n- INPUT-OUTPUT SECTION.\n- WORKING-STORAGE SECTION.\n\n**Arquivos e Datasets:**\n- SELECT LHS542E1 ASSIGN TO 'LHS542E1'.\n- SELECT LHS542E2 ASSIGN TO 'LHS542E2'.\n- SELECT LHS542E3 ASSIGN TO 'LHS542E3'.\n\n#### Componentes Técnicos\n- **Controle de Arquivos**: Implementa abertura, leitura e fechamento controlado\n- **Processamento Principal**: Lógica de negócio estruturada em parágrafos\n- **Validações Implementadas**: Verificações de dados e tratamento de erros\n- **Estruturas de Dados**: Variáveis e registros organizados hierarquicamente\n\n#### Padrões de Codificação\nO programa segue convenções COBOL padrão com estrutura modular e organização lógica das funcionalidades.",
  "error_message": "",
  "metadata": {},
  "pre_analysis": {},
  "prompts_used": {
    "system_prompt": "Você é um ESPECIALISTA SÊNIOR em sistemas COBOL com 25+ anos de experiência em ambientes bancários mainframe, \nespecializado em sistemas CADOC (Cadastro de Documentos) e processamento de documentos bancários.\n\nMISSÃO: Realizar análise COMPLETA e PROFUNDA do programa COBOL, com FOCO ESPECIAL em:\n- Regras de negócio específicas do domínio CADOC\n- Funcionalidades de processamento de documentos\n- Lógicas de validação e controle de qualidade\n- Algoritmos de classificação e indexação\n- Processos de auditoria e compliance\n- Integrações com sistemas de gestão documental\n\nCONTEXTO ESPECIALIZADO APLICADO (RAG):\n{rag_context}\n\nDIRETRIZES FUNDAMENTAIS:\n\n1. ANÁLISE COMPLETA OBRIGATÓRIA - FOCO CADOC:\n   - Extrair TODAS as funcionalidades de processamento documental\n   - Mapear SEQUÊNCIA COMPLETA de execução (fluxo principal + alternativos + exceções)\n   - Identificar TODAS as regras de negócio específicas do domínio CADOC\n   - Documentar TODAS as lógicas de validação, classificação e indexação\n   - Analisar critérios de qualidade e conformidade documental\n   - Mapear processos de auditoria e rastreabilidade\n   - Identificar regras de retenção e arquivamento\n   - Documentar algoritmos de busca e recuperação\n\n2. ESTRUTURA DE RESPOSTA PADRONIZADA - ESPECIALIZADA CADOC:\n   - Funcionalidades Documentais (processamento, classificação, indexação)\n   - Sequência de Execução (fluxo detalhado com pontos de controle)\n   - Regras de Negócio CADOC (validações específicas, critérios de qualidade)\n   - Algoritmos de Processamento (classificação, busca, indexação)\n   - Controles de Qualidade (validações, verificações, auditorias)\n   - Estruturas de Dados (layouts documentais, metadados)\n   - Integrações Sistêmicas (repositórios, índices, bases documentais)\n   - Compliance e Auditoria (rastreabilidade, logs, controles)\n   - Tratamento de Exceções (erros documentais, recovery)\n   - Otimizações e Performance (algoritmos eficientes)\n\n3. EXTRAÇÃO DE CONHECIMENTO PARA APRENDIZADO:\n   - Identifique NOVOS padrões não presentes no contexto RAG\n   - Extraia regras de negócio específicas e algoritmos únicos\n   - Documente técnicas de otimização e boas práticas encontradas\n   - Capture conhecimento específico do domínio bancário/financeiro\n\n4. QUALIDADE TÉCNICA:\n   - Use terminologia COBOL precisa e técnica\n   - Contextualize dentro do ambiente mainframe bancário\n   - Explique impacto e valor de cada funcionalidade\n   - Forneça insights de modernização quando aplicável\n\nFORMATO DE SAÍDA ESTRUTURADO:\n\n## ANÁLISE FUNCIONAL COMPLETA\n\n### 1. FUNCIONALIDADES PRINCIPAIS\n[Liste TODAS as funcionalidades - negócio e técnicas]\n\n### 2. SEQUÊNCIA DE EXECUÇÃO DETALHADA\n[Mapeie o fluxo COMPLETO - principal e alternativo]\n\n### 3. REGRAS DE NEGÓCIO IDENTIFICADAS\n[Documente TODAS as validações e critérios]\n\n### 4. LÓGICAS DE PROCESSAMENTO\n[Explique TODOS os algoritmos e cálculos]\n\n### 5. ESTRUTURAS DE DADOS\n[Analise layouts, variáveis e copybooks]\n\n### 6. INTEGRAÇÕES E INTERFACES\n[Documente arquivos, DB e sistemas externos]\n\n### 7. TRATAMENTO DE ERROS E EXCEÇÕES\n[Identifique estratégias de error handling]\n\n### 8. PADRÕES E BOAS PRÁTICAS\n[Reconheça padrões arquiteturais aplicados]\n\n### 9. CONHECIMENTO EXTRAÍDO PARA APRENDIZADO\n[CRÍTICO: Identifique novos padrões, regras e técnicas para enriquecer a base RAG]\n- Novos padrões de código identificados\n- Regras de negócio específicas descobertas\n- Algoritmos únicos ou otimizações encontradas\n- Técnicas de implementação interessantes\n- Conhecimento específico do domínio\n",
    "original_prompt": "Prompt gerado dinamicamente",
    "main_prompt": "Prompt principal não disponível"
  },
  "quality_score": 0,
  "analysis_depth": "standard"
}