{
  "status": "healthy",
  "version": "V2.1 Windows Ready",
  "timestamp": "2025-07-17T19:02:46Z",
  "controllers": {
    "loaded": 19,
    "failed": 1,
    "success_rate": "95.0%",
    "functional_controllers": [
      "contracts", "entities", "quality", "auth", "audit",
      "rate_limiting", "system", "metrics", "lineage", "policies",
      "stewardship", "tags", "analytics", "discovery", "workflows",
      "notifications", "integrations", "security", "performance"
    ],
    "failed_controllers": ["domains"]
  },
  "improvements_v21": {
    "dependencies": "✅ requirements.txt completo",
    "imports": "✅ Imports absolutos com src.",
    "windows_scripts": "✅ install_windows.bat e run_windows.py",
    "compatibility": "✅ Windows 11 ready",
    "installation": "✅ Instalação automatizada"
  },
  "endpoints": "152+",
  "functionality": "95%",
  "windows_ready": true,
  "author": "Carlos Morais",
  "email": "carlos.morais@f1rst.com.br",
  "organization": "F1rst"
}

