{
  "summary": {
    "total_tests": 9,
    "successful_tests": 8,
    "failed_tests": 1,
    "success_rate": 88.88888888888889
  },
  "test_results": [
    {
      "test_name": "Health Check",
      "success": true,
      "details": "Status: healthy",
      "timestamp": "2025-07-14T15:21:14.061341"
    },
    {
      "test_name": "Documenta\u00e7\u00e3o",
      "success": true,
      "details": "Swagger UI acess\u00edvel",
      "timestamp": "2025-07-14T15:21:14.064391"
    },
    {
      "test_name": "Schema OpenAPI",
      "success": true,
      "details": "30 endpoints documentados",
      "timestamp": "2025-07-14T15:21:14.069809"
    },
    {
      "test_name": "An\u00e1lise de Endpoints",
      "success": true,
      "details": "9 endpoints de contratos encontrados",
      "timestamp": "2025-07-14T15:21:14.070003"
    },
    {
      "test_name": "Estrutura Contrato V1",
      "success": true,
      "details": "Estrutura simulada criada",
      "timestamp": "2025-07-14T15:21:14.070020"
    },
    {
      "test_name": "Estrutura Contrato V2",
      "success": true,
      "details": "Estrutura simulada criada",
      "timestamp": "2025-07-14T15:21:14.070040"
    },
    {
      "test_name": "An\u00e1lise de Compatibilidade",
      "success": false,
      "details": "1 problemas encontrados",
      "timestamp": "2025-07-14T15:21:14.070130"
    },
    {
      "test_name": "Compara\u00e7\u00e3o de Vers\u00f5es",
      "success": true,
      "details": "V1: 4 campos, V2: 8 campos",
      "timestamp": "2025-07-14T15:21:14.070137"
    },
    {
      "test_name": "Relat\u00f3rio de Diferen\u00e7as",
      "success": true,
      "details": "Relat\u00f3rio gerado com sucesso",
      "timestamp": "2025-07-14T15:21:14.070373"
    }
  ],
  "generated_at": "2025-07-14T15:21:14.070468",
  "test_type": "simulation"
}