{
  "analyzer_name": "engine",
  "program_id": "SAMPLE-PROGRAM",
  "success": true,
  "execution_time": 0.0046215057373046875,
  "data": {
    "program_info": {
      "program_id": "SAMPLE-PROGRAM",
      "file_path": "/tmp/cobol_engine_extracted/examples_sample_program.cbl",
      "author": "COBOL ENGINE TEAM.",
      "date_written": "2024-09-05.",
      "lines_of_code": 75,
      "variables_count": 1,
      "sections_count": 10,
      "paragraphs_count": 3,
      "files_count": 1,
      "copy_books_count": 0,
      "total_complexity": 0
    },
    "analyzer_results": {
      "security_analyzer": {
        "security_score": 93,
        "issues": [
          {
            "type": "FILE_SECURITY",
            "severity": "HIGH",
            "description": "File EMPLOYEE-FILE lacks FILE STATUS handling",
            "recommendation": "Add FILE STATUS clause for error handling"
          }
        ],
        "compliance_status": "NEEDS_REVIEW",
        "total_issues": 1,
        "critical_issues": 0,
        "high_issues": 1,
        "medium_issues": 0,
        "low_issues": 0,
        "recommendations": [
          "Add FILE STATUS handling for all file operations"
        ]
      },
      "performance_analyzer": {
        "performance_score": 100,
        "complexity": "LOW",
        "issues": [],
        "metrics": {
          "total_complexity": 0,
          "max_paragraph_complexity": 17,
          "complex_paragraphs": 0
        },
        "total_issues": 0,
        "critical_issues": 0,
        "high_issues": 0,
        "medium_issues": 0,
        "low_issues": 0,
        "optimizations": [
          "Performance analysis passed - current implementation is efficient"
        ]
      }
    }
  },
  "errors": [],
  "warnings": []
}